Season,Team,Game Number,Opponent Team,Arena Capacity,Attendance,Percentage
2024,Boston Celtics,2,Miami Heat,19156,19156,1.0
2024,Boston Celtics,4,Indiana Pacers,19156,19156,1.0
2024,Boston Celtics,8,Brooklyn Nets,19156,19156,1.0
2024,Boston Celtics,9,Toronto Raptors,19156,19156,1.0
2024,Boston Celtics,10,New York Knicks,19156,19156,1.0
2024,Boston Celtics,15,Milwaukee Bucks,19156,19156,1.0
2024,Boston Celtics,17,Atlanta Hawks,19156,19156,1.0
2024,Boston Celtics,18,Chicago Bulls,19156,19156,1.0
2024,Boston Celtics,19,Philadelphia 76ers,19156,19156,1.0
2024,Boston Celtics,21,New York Knicks,19156,19156,1.0
2024,Boston Celtics,22,Cleveland Cavaliers,19156,19156,1.0
2024,Boston Celtics,23,Cleveland Cavaliers,19156,19156,1.0
2024,Boston Celtics,24,Orlando Magic,19156,19156,1.0
2024,Boston Celtics,25,Orlando Magic,19156,19156,1.0
2024,Boston Celtics,30,Detroit Pistons,19156,19156,1.0
2024,Boston Celtics,31,Toronto Raptors,19156,19156,1.0
2024,Boston Celtics,34,Utah Jazz,19156,19156,1.0
2024,Boston Celtics,37,Minnesota Timberwolves,19156,19156,1.0
2024,Boston Celtics,39,Houston Rockets,19156,19156,1.0
2024,Boston Celtics,41,San Antonio Spurs,19156,19156,1.0
2024,Boston Celtics,42,Denver Nuggets,19156,19156,1.0
2024,Boston Celtics,46,Los Angeles Clippers,19156,19156,1.0
2024,Boston Celtics,47,New Orleans Pelicans,19156,19156,1.0
2024,Boston Celtics,48,Indiana Pacers,19156,19156,1.0
2024,Boston Celtics,49,Los Angeles Lakers,19156,19156,1.0
2024,Boston Celtics,50,Memphis Grizzlies,19156,19156,1.0
2024,Boston Celtics,51,Atlanta Hawks,19156,19156,1.0
2024,Boston Celtics,52,Washington Wizards,19156,19156,1.0
2024,Boston Celtics,55,Brooklyn Nets,19156,19156,1.0
2024,Boston Celtics,58,Philadelphia 76ers,19156,19156,1.0
2024,Boston Celtics,59,Dallas Mavericks,19156,19156,1.0
2024,Boston Celtics,60,Golden State Warriors,19156,19156,1.0
2024,Boston Celtics,66,Phoenix Suns,19156,19156,1.0
2024,Boston Celtics,68,Detroit Pistons,19156,19156,1.0
2024,Boston Celtics,69,Milwaukee Bucks,19156,19156,1.0
2024,Boston Celtics,76,Oklahoma City Thunder,19156,19156,1.0
2024,Boston Celtics,77,Sacramento Kings,19156,19156,1.0
2024,Boston Celtics,78,Portland Trail Blazers,19156,19156,1.0
2024,Boston Celtics,80,New York Knicks,19156,19156,1.0
2024,Boston Celtics,81,Charlotte Hornets,19156,19156,1.0
2024,Boston Celtics,82,Washington Wizards,19156,19156,1.0
2024,New York Knicks,1,Boston Celtics,19812,19812,1.0
2024,New York Knicks,5,Cleveland Cavaliers,19812,19812,1.0
2024,New York Knicks,7,Los Angeles Clippers,19812,19812,1.0
2024,New York Knicks,8,San Antonio Spurs,19812,19812,1.0
2024,New York Knicks,9,Charlotte Hornets,19812,19812,1.0
2024,New York Knicks,15,Miami Heat,19812,19812,1.0
2024,New York Knicks,16,Phoenix Suns,19812,19812,1.0
2024,New York Knicks,17,Charlotte Hornets,19812,19111,0.9646174036
2024,New York Knicks,18,Detroit Pistons,19812,19812,1.0
2024,New York Knicks,22,Toronto Raptors,19812,19812,1.0
2024,New York Knicks,28,Milwaukee Bucks,19812,19812,1.0
2024,New York Knicks,29,Milwaukee Bucks,19812,19812,1.0
2024,New York Knicks,33,Minnesota Timberwolves,19812,19812,1.0
2024,New York Knicks,34,Chicago Bulls,19812,19812,1.0
2024,New York Knicks,37,Portland Trail Blazers,19812,19812,1.0
2024,New York Knicks,40,Orlando Magic,19812,19812,1.0
2024,New York Knicks,41,Houston Rockets,19812,19439,0.9811730264
2024,New York Knicks,42,Washington Wizards,19812,19466,0.9825358369
2024,New York Knicks,43,Toronto Raptors,19812,19812,1.0
2024,New York Knicks,45,Denver Nuggets,19812,19812,1.0
2024,New York Knicks,46,Miami Heat,19812,19812,1.0
2024,New York Knicks,48,Utah Jazz,19812,19133,0.9657278417
2024,New York Knicks,49,Indiana Pacers,19812,19812,1.0
2024,New York Knicks,50,Los Angeles Lakers,19812,19812,1.0
2024,New York Knicks,51,Memphis Grizzlies,19812,19013,0.9596709065
2024,New York Knicks,52,Dallas Mavericks,19812,19812,1.0
2024,New York Knicks,53,Indiana Pacers,19812,19812,1.0
2024,New York Knicks,57,Boston Celtics,19812,19812,1.0
2024,New York Knicks,58,Detroit Pistons,19812,19303,0.9743084999
2024,New York Knicks,59,New Orleans Pelicans,19812,19812,1.0
2024,New York Knicks,60,Golden State Warriors,19812,19812,1.0
2024,New York Knicks,62,Atlanta Hawks,19812,19812,1.0
2024,New York Knicks,63,Orlando Magic,19812,19812,1.0
2024,New York Knicks,64,Philadelphia 76ers,19812,19812,1.0
2024,New York Knicks,65,Philadelphia 76ers,19812,19812,1.0
2024,New York Knicks,70,Brooklyn Nets,19812,19812,1.0
2024,New York Knicks,71,Detroit Pistons,19812,19812,1.0
2024,New York Knicks,74,Oklahoma City Thunder,19812,19812,1.0
2024,New York Knicks,76,Sacramento Kings,19812,19812,1.0
2024,New York Knicks,81,Brooklyn Nets,19812,19812,1.0
2024,New York Knicks,82,Chicago Bulls,19812,19812,1.0
2024,Brooklyn Nets,1,Cleveland Cavaliers,17732,17931,1.011222648
2024,Brooklyn Nets,6,Boston Celtics,17732,17983,1.0141552
2024,Brooklyn Nets,7,Milwaukee Bucks,17732,17935,1.011448229
2024,Brooklyn Nets,8,Los Angeles Clippers,17732,17933,1.011335439
2024,Brooklyn Nets,10,Washington Wizards,17732,17732,1.0
2024,Brooklyn Nets,11,Orlando Magic,17732,17361,0.9790773742
2024,Brooklyn Nets,13,Philadelphia 76ers,17732,17934,1.011391834
2024,Brooklyn Nets,15,Miami Heat,17732,17817,1.004793594
2024,Brooklyn Nets,16,Chicago Bulls,17732,16687,0.9410669975
2024,Brooklyn Nets,17,Toronto Raptors,17732,15844,0.893525829
2024,Brooklyn Nets,18,Charlotte Hornets,17732,16072,0.9063839386
2024,Brooklyn Nets,19,Orlando Magic,17732,17966,1.013196481
2024,Brooklyn Nets,21,Washington Wizards,17732,16587,0.9354274758
2024,Brooklyn Nets,27,New York Knicks,17732,18071,1.019117979
2024,Brooklyn Nets,28,Denver Nuggets,17732,17732,1.0
2024,Brooklyn Nets,29,Detroit Pistons,17732,17732,1.0
2024,Brooklyn Nets,31,Milwaukee Bucks,17732,18199,1.026336567
2024,Brooklyn Nets,36,Oklahoma City Thunder,17732,18147,1.023404015
2024,Brooklyn Nets,37,Portland Trail Blazers,17732,17732,1.0
2024,Brooklyn Nets,39,Miami Heat,17732,17893,1.00907963
2024,Brooklyn Nets,43,New York Knicks,17732,17732,1.0
2024,Brooklyn Nets,44,Minnesota Timberwolves,17732,17732,1.0
2024,Brooklyn Nets,45,Houston Rockets,17732,17732,1.0
2024,Brooklyn Nets,46,Utah Jazz,17732,16054,0.9053688247
2024,Brooklyn Nets,47,Phoenix Suns,17732,17732,1.0
2024,Brooklyn Nets,49,Golden State Warriors,17732,17919,1.010545906
2024,Brooklyn Nets,50,Dallas Mavericks,17732,17732,1.0
2024,Brooklyn Nets,51,Cleveland Cavaliers,17732,17304,0.9758628468
2024,Brooklyn Nets,52,San Antonio Spurs,17732,18005,1.015395894
2024,Brooklyn Nets,53,Boston Celtics,17732,18053,1.018102865
2024,Brooklyn Nets,59,Atlanta Hawks,17732,17284,0.9747349425
2024,Brooklyn Nets,60,Atlanta Hawks,17732,18075,1.01934356
2024,Brooklyn Nets,61,Memphis Grizzlies,17732,15847,0.8936950147
2024,Brooklyn Nets,62,Philadelphia 76ers,17732,17086,0.9635686894
2024,Brooklyn Nets,69,New Orleans Pelicans,17732,17732,1.0
2024,Brooklyn Nets,74,Chicago Bulls,17732,17894,1.009136025
2024,Brooklyn Nets,75,Los Angeles Lakers,17732,18162,1.024249944
2024,Brooklyn Nets,77,Indiana Pacers,17732,17732,1.0
2024,Brooklyn Nets,78,Detroit Pistons,17732,17732,1.0
2024,Brooklyn Nets,79,Sacramento Kings,17732,17732,1.0
2024,Brooklyn Nets,80,Toronto Raptors,17732,17732,1.0
2024,Philadelphia 76ers,3,Portland Trail Blazers,20318,19768,0.9729304065
2024,Philadelphia 76ers,4,Toronto Raptors,20318,19773,0.9731764937
2024,Philadelphia 76ers,5,Phoenix Suns,20318,19796,0.9743084949
2024,Philadelphia 76ers,6,Washington Wizards,20318,19765,0.9727827542
2024,Philadelphia 76ers,7,Boston Celtics,20318,19953,0.9820356334
2024,Philadelphia 76ers,9,Indiana Pacers,20318,19758,0.9724382321
2024,Philadelphia 76ers,10,Indiana Pacers,20318,19774,0.9732257112
2024,Philadelphia 76ers,11,Boston Celtics,20318,19773,0.9731764937
2024,Philadelphia 76ers,14,Cleveland Cavaliers,20318,20565,1.012156708
2024,Philadelphia 76ers,17,Los Angeles Lakers,20318,19907,0.9797716311
2024,Philadelphia 76ers,21,Atlanta Hawks,20318,19746,0.9718476228
2024,Philadelphia 76ers,22,Washington Wizards,20318,19762,0.9726351019
2024,Philadelphia 76ers,24,Detroit Pistons,20318,19761,0.9725858844
2024,Philadelphia 76ers,26,Chicago Bulls,20318,19773,0.9731764937
2024,Philadelphia 76ers,27,Minnesota Timberwolves,20318,20365,1.00231322
2024,Philadelphia 76ers,28,Toronto Raptors,20318,20230,0.995668865
2024,Philadelphia 76ers,33,Chicago Bulls,20318,19772,0.9731272763
2024,Philadelphia 76ers,34,New York Knicks,20318,20461,1.007038094
2024,Philadelphia 76ers,35,Utah Jazz,20318,20278,0.9980313023
2024,Philadelphia 76ers,37,Sacramento Kings,20318,19766,0.9728319717
2024,Philadelphia 76ers,38,Houston Rockets,20318,20822,1.024805591
2024,Philadelphia 76ers,39,Denver Nuggets,20318,19775,0.9732749286
2024,Philadelphia 76ers,42,San Antonio Spurs,20318,20511,1.009498966
2024,Philadelphia 76ers,48,Brooklyn Nets,20318,20673,1.017472192
2024,Philadelphia 76ers,49,Dallas Mavericks,20318,19764,0.9727335368
2024,Philadelphia 76ers,50,Golden State Warriors,20318,19780,0.9735210158
2024,Philadelphia 76ers,51,Atlanta Hawks,20318,19758,0.9724382321
2024,Philadelphia 76ers,54,Miami Heat,20318,20015,0.9850871149
2024,Philadelphia 76ers,55,New York Knicks,20318,21094,1.038192736
2024,Philadelphia 76ers,56,Cleveland Cavaliers,20318,19938,0.9812973718
2024,Philadelphia 76ers,57,Milwaukee Bucks,20318,19831,0.9760311054
2024,Philadelphia 76ers,59,Charlotte Hornets,20318,19788,0.9739147554
2024,Philadelphia 76ers,62,Memphis Grizzlies,20318,19757,0.9723890147
2024,Philadelphia 76ers,63,New Orleans Pelicans,20318,19777,0.9733733635
2024,Philadelphia 76ers,67,Charlotte Hornets,20318,19957,0.9822325032
2024,Philadelphia 76ers,68,Miami Heat,20318,19782,0.9736194507
2024,Philadelphia 76ers,73,Los Angeles Clippers,20318,21022,1.03464908
2024,Philadelphia 76ers,76,Oklahoma City Thunder,20318,20733,1.020425239
2024,Philadelphia 76ers,80,Detroit Pistons,20318,19796,0.9743084949
2024,Philadelphia 76ers,81,Orlando Magic,20318,20149,0.9916822522
2024,Philadelphia 76ers,82,Brooklyn Nets,20318,20246,0.9964563441
2024,Toronto Raptors,1,Minnesota Timberwolves,19800,19800,1.0
2024,Toronto Raptors,3,Philadelphia 76ers,19800,19800,1.0
2024,Toronto Raptors,4,Portland Trail Blazers,19800,19266,0.973030303
2024,Toronto Raptors,5,Milwaukee Bucks,19800,19800,1.0
2024,Toronto Raptors,10,Washington Wizards,19800,19800,1.0
2024,Toronto Raptors,11,Milwaukee Bucks,19800,19800,1.0
2024,Toronto Raptors,12,Boston Celtics,19800,19800,1.0
2024,Toronto Raptors,13,Detroit Pistons,19800,19182,0.9687878788
2024,Toronto Raptors,16,Chicago Bulls,19800,19800,1.0
2024,Toronto Raptors,19,Phoenix Suns,19800,19800,1.0
2024,Toronto Raptors,20,New York Knicks,19800,19800,1.0
2024,Toronto Raptors,21,Miami Heat,19800,19084,0.9638383838
2024,Toronto Raptors,24,Atlanta Hawks,19800,19423,0.980959596
2024,Toronto Raptors,25,Atlanta Hawks,19800,19800,1.0
2024,Toronto Raptors,26,Charlotte Hornets,19800,19288,0.9741414141
2024,Toronto Raptors,27,Denver Nuggets,19800,19800,1.0
2024,Toronto Raptors,29,Utah Jazz,19800,19420,0.9808080808
2024,Toronto Raptors,33,Cleveland Cavaliers,19800,19800,1.0
2024,Toronto Raptors,40,Boston Celtics,19800,19278,0.9736363636
2024,Toronto Raptors,41,Miami Heat,19800,19631,0.9914646465
2024,Toronto Raptors,42,Chicago Bulls,19800,19312,0.9753535354
2024,Toronto Raptors,44,Memphis Grizzlies,19800,18577,0.9382323232
2024,Toronto Raptors,45,Los Angeles Clippers,19800,19800,1.0
2024,Toronto Raptors,52,Houston Rockets,19800,19800,1.0
2024,Toronto Raptors,53,Cleveland Cavaliers,19800,19800,1.0
2024,Toronto Raptors,54,San Antonio Spurs,19800,19800,1.0
2024,Toronto Raptors,55,Indiana Pacers,19800,19800,1.0
2024,Toronto Raptors,56,Brooklyn Nets,19800,19800,1.0
2024,Toronto Raptors,59,Dallas Mavericks,19800,19800,1.0
2024,Toronto Raptors,60,Golden State Warriors,19800,19800,1.0
2024,Toronto Raptors,61,Charlotte Hornets,19800,19512,0.9854545455
2024,Toronto Raptors,62,New Orleans Pelicans,19800,18864,0.9527272727
2024,Toronto Raptors,67,Orlando Magic,19800,19800,1.0
2024,Toronto Raptors,69,Sacramento Kings,19800,18641,0.9414646465
2024,Toronto Raptors,70,Oklahoma City Thunder,19800,19601,0.9899494949
2024,Toronto Raptors,72,Brooklyn Nets,19800,18376,0.9280808081
2024,Toronto Raptors,73,New York Knicks,19800,19133,0.9663131313
2024,Toronto Raptors,74,Philadelphia 76ers,19800,19114,0.9653535354
2024,Toronto Raptors,75,Los Angeles Lakers,19800,19800,1.0
2024,Toronto Raptors,78,Washington Wizards,19800,19502,0.9849494949
2024,Toronto Raptors,79,Indiana Pacers,19800,19325,0.976010101
2024,Detroit Pistons,3,Chicago Bulls,20332,20062,0.9867204407
2024,Detroit Pistons,5,Portland Trail Blazers,20332,16912,0.8317922487
2024,Detroit Pistons,7,Phoenix Suns,20332,20062,0.9867204407
2024,Detroit Pistons,8,Golden State Warriors,20332,20062,0.9867204407
2024,Detroit Pistons,10,Philadelphia 76ers,20332,18902,0.9296675192
2024,Detroit Pistons,12,Atlanta Hawks,20332,16963,0.8343006099
2024,Detroit Pistons,15,Denver Nuggets,20332,19403,0.9543084792
2024,Detroit Pistons,17,Washington Wizards,20332,14346,0.7055872516
2024,Detroit Pistons,18,Los Angeles Lakers,20332,20062,0.9867204407
2024,Detroit Pistons,20,Cleveland Cavaliers,20332,18924,0.9307495573
2024,Detroit Pistons,21,Memphis Grizzlies,20332,12862,0.6325988589
2024,Detroit Pistons,23,Indiana Pacers,20332,14988,0.7371630927
2024,Detroit Pistons,24,Philadelphia 76ers,20332,16749,0.8237753295
2024,Detroit Pistons,28,Utah Jazz,20332,18122,0.8913043478
2024,Detroit Pistons,30,Brooklyn Nets,20332,19811,0.9743753689
2024,Detroit Pistons,32,Toronto Raptors,20332,18411,0.9055183946
2024,Detroit Pistons,37,Sacramento Kings,20332,13992,0.6881762739
2024,Detroit Pistons,38,San Antonio Spurs,20332,17833,0.877090301
2024,Detroit Pistons,39,Houston Rockets,20332,13987,0.6879303561
2024,Detroit Pistons,41,Minnesota Timberwolves,20332,16022,0.7880188865
2024,Detroit Pistons,42,Milwaukee Bucks,20332,19996,0.9834743262
2024,Detroit Pistons,43,Milwaukee Bucks,20332,17201,0.8460062955
2024,Detroit Pistons,44,Charlotte Hornets,20332,15020,0.7387369664
2024,Detroit Pistons,45,Washington Wizards,20332,16922,0.8322840842
2024,Detroit Pistons,46,Oklahoma City Thunder,20332,16861,0.8292838875
2024,Detroit Pistons,48,Los Angeles Clippers,20332,19122,0.9404879008
2024,Detroit Pistons,49,Orlando Magic,20332,17982,0.8844186504
2024,Detroit Pistons,56,Orlando Magic,20332,19388,0.9535707259
2024,Detroit Pistons,59,Cleveland Cavaliers,20332,19299,0.9491933897
2024,Detroit Pistons,62,Brooklyn Nets,20332,19011,0.9350285265
2024,Detroit Pistons,63,Dallas Mavericks,20332,20062,0.9867204407
2024,Detroit Pistons,64,Charlotte Hornets,20332,18003,0.885451505
2024,Detroit Pistons,65,Toronto Raptors,20332,19313,0.9498819595
2024,Detroit Pistons,66,Miami Heat,20332,19894,0.9784576038
2024,Detroit Pistons,67,Miami Heat,20332,20004,0.9838677946
2024,Detroit Pistons,69,Indiana Pacers,20332,19897,0.9786051544
2024,Detroit Pistons,70,Boston Celtics,20332,19994,0.9833759591
2024,Detroit Pistons,71,New Orleans Pelicans,20332,19922,0.9798347433
2024,Detroit Pistons,75,Memphis Grizzlies,20332,19999,0.9836218768
2024,Detroit Pistons,80,Chicago Bulls,20332,20013,0.9843104466
2024,Cleveland Cavaliers,2,Oklahoma City Thunder,19432,19432,1.0
2024,Cleveland Cavaliers,3,Indiana Pacers,19432,19432,1.0
2024,Cleveland Cavaliers,4,New York Knicks,19432,19432,1.0
2024,Cleveland Cavaliers,7,Golden State Warriors,19432,19432,1.0
2024,Cleveland Cavaliers,12,Detroit Pistons,19432,19432,1.0
2024,Cleveland Cavaliers,13,Denver Nuggets,19432,19432,1.0
2024,Cleveland Cavaliers,15,Miami Heat,19432,19432,1.0
2024,Cleveland Cavaliers,16,Los Angeles Lakers,19432,19432,1.0
2024,Cleveland Cavaliers,17,Toronto Raptors,19432,19432,1.0
2024,Cleveland Cavaliers,18,Atlanta Hawks,19432,19432,1.0
2024,Cleveland Cavaliers,19,Portland Trail Blazers,19432,19432,1.0
2024,Cleveland Cavaliers,21,Orlando Magic,19432,19432,1.0
2024,Cleveland Cavaliers,26,Atlanta Hawks,19432,19432,1.0
2024,Cleveland Cavaliers,27,Houston Rockets,19432,19432,1.0
2024,Cleveland Cavaliers,28,Utah Jazz,19432,19432,1.0
2024,Cleveland Cavaliers,29,New Orleans Pelicans,19432,19432,1.0
2024,Cleveland Cavaliers,32,Milwaukee Bucks,19432,19432,1.0
2024,Cleveland Cavaliers,34,Washington Wizards,19432,19432,1.0
2024,Cleveland Cavaliers,35,Washington Wizards,19432,19432,1.0
2024,Cleveland Cavaliers,36,San Antonio Spurs,19432,19432,1.0
2024,Cleveland Cavaliers,37,Brooklyn Nets,19432,15887,0.8175689584
2024,Cleveland Cavaliers,38,Chicago Bulls,19432,19432,1.0
2024,Cleveland Cavaliers,39,Milwaukee Bucks,19432,19432,1.0
2024,Cleveland Cavaliers,44,Los Angeles Clippers,19432,19432,1.0
2024,Cleveland Cavaliers,45,Detroit Pistons,19432,19432,1.0
2024,Cleveland Cavaliers,48,Sacramento Kings,19432,19432,1.0
2024,Cleveland Cavaliers,52,Philadelphia 76ers,19432,19432,1.0
2024,Cleveland Cavaliers,53,Chicago Bulls,19432,19432,1.0
2024,Cleveland Cavaliers,54,Orlando Magic,19432,19432,1.0
2024,Cleveland Cavaliers,57,Dallas Mavericks,19432,19432,1.0
2024,Cleveland Cavaliers,60,New York Knicks,19432,19432,1.0
2024,Cleveland Cavaliers,61,Boston Celtics,19432,19432,1.0
2024,Cleveland Cavaliers,63,Minnesota Timberwolves,19432,19432,1.0
2024,Cleveland Cavaliers,64,Brooklyn Nets,19432,19432,1.0
2024,Cleveland Cavaliers,65,Phoenix Suns,19432,19432,1.0
2024,Cleveland Cavaliers,69,Miami Heat,19432,19432,1.0
2024,Cleveland Cavaliers,72,Charlotte Hornets,19432,19432,1.0
2024,Cleveland Cavaliers,74,Philadelphia 76ers,19432,19432,1.0
2024,Cleveland Cavaliers,80,Memphis Grizzlies,19432,19432,1.0
2024,Cleveland Cavaliers,81,Indiana Pacers,19432,19432,1.0
2024,Cleveland Cavaliers,82,Charlotte Hornets,19432,19432,1.0
2024,Indiana Pacers,1,Washington Wizards,17274,16004,0.9264791015
2024,Indiana Pacers,3,Chicago Bulls,17274,15021,0.8695727683
2024,Indiana Pacers,5,Cleveland Cavaliers,17274,16744,0.9693180502
2024,Indiana Pacers,6,Charlotte Hornets,17274,15945,0.9230635637
2024,Indiana Pacers,7,San Antonio Spurs,17274,15129,0.8758249392
2024,Indiana Pacers,8,Utah Jazz,17274,14509,0.8399328471
2024,Indiana Pacers,9,Milwaukee Bucks,17274,14648,0.8479796226
2024,Indiana Pacers,12,Orlando Magic,17274,17276,1.000115781
2024,Indiana Pacers,14,Toronto Raptors,17274,17091,0.9894060438
2024,Indiana Pacers,15,Detroit Pistons,17274,17274,1.0
2024,Indiana Pacers,16,Portland Trail Blazers,17274,14508,0.8398749566
2024,Indiana Pacers,19,Boston Celtics,17274,16693,0.9663656362
2024,Indiana Pacers,25,Los Angeles Clippers,17274,16665,0.964744703
2024,Indiana Pacers,26,Charlotte Hornets,17274,16761,0.9703021883
2024,Indiana Pacers,28,Orlando Magic,17274,17274,1.0
2024,Indiana Pacers,31,New York Knicks,17274,17274,1.0
2024,Indiana Pacers,33,Milwaukee Bucks,17274,17274,1.0
2024,Indiana Pacers,34,Atlanta Hawks,17274,17274,1.0
2024,Indiana Pacers,35,Boston Celtics,17274,17274,1.0
2024,Indiana Pacers,36,Boston Celtics,17274,16009,0.9267685539
2024,Indiana Pacers,37,Washington Wizards,17274,15721,0.9100960982
2024,Indiana Pacers,44,Denver Nuggets,17274,16004,0.9264791015
2024,Indiana Pacers,45,Philadelphia 76ers,17274,15699,0.9088225078
2024,Indiana Pacers,46,Phoenix Suns,17274,17274,1.0
2024,Indiana Pacers,47,Memphis Grizzlies,17274,16519,0.9562926942
2024,Indiana Pacers,50,Sacramento Kings,17274,17274,1.0
2024,Indiana Pacers,52,Houston Rockets,17274,15571,0.9014125275
2024,Indiana Pacers,53,Golden State Warriors,17274,17274,1.0
2024,Indiana Pacers,57,Detroit Pistons,17274,16506,0.9555401181
2024,Indiana Pacers,58,Dallas Mavericks,17274,17274,1.0
2024,Indiana Pacers,59,Toronto Raptors,17274,16026,0.9277526919
2024,Indiana Pacers,60,New Orleans Pelicans,17274,16010,0.9268264444
2024,Indiana Pacers,64,Minnesota Timberwolves,17274,16580,0.959824013
2024,Indiana Pacers,67,Chicago Bulls,17274,17274,1.0
2024,Indiana Pacers,68,Brooklyn Nets,17274,17009,0.9846590251
2024,Indiana Pacers,69,Cleveland Cavaliers,17274,17274,1.0
2024,Indiana Pacers,75,Los Angeles Lakers,17274,17274,1.0
2024,Indiana Pacers,76,Brooklyn Nets,17274,16522,0.9564663656
2024,Indiana Pacers,78,Oklahoma City Thunder,17274,17274,1.0
2024,Indiana Pacers,79,Miami Heat,17274,17274,1.0
2024,Indiana Pacers,82,Atlanta Hawks,17274,17274,1.0
2024,Milwaukee Bucks,1,Philadelphia 76ers,17341,17783,1.025488726
2024,Milwaukee Bucks,2,Atlanta Hawks,17341,17341,1.0
2024,Milwaukee Bucks,3,Miami Heat,17341,17341,1.0
2024,Milwaukee Bucks,5,New York Knicks,17341,17717,1.021682717
2024,Milwaukee Bucks,7,Detroit Pistons,17341,17341,1.0
2024,Milwaukee Bucks,10,Chicago Bulls,17341,17865,1.030217404
2024,Milwaukee Bucks,13,Dallas Mavericks,17341,18128,1.045383773
2024,Milwaukee Bucks,16,Washington Wizards,17341,17880,1.031082406
2024,Milwaukee Bucks,17,Portland Trail Blazers,17341,17602,1.015051035
2024,Milwaukee Bucks,20,Atlanta Hawks,17341,17866,1.030275071
2024,Milwaukee Bucks,21,New York Knicks,17341,17448,1.006170348
2024,Milwaukee Bucks,22,Indiana Pacers,17341,16837,0.9709359322
2024,Milwaukee Bucks,23,Chicago Bulls,17341,17440,1.005709013
2024,Milwaukee Bucks,24,Indiana Pacers,17341,17431,1.005190012
2024,Milwaukee Bucks,25,Detroit Pistons,17341,17666,1.01874171
2024,Milwaukee Bucks,26,Houston Rockets,17341,17341,1.0
2024,Milwaukee Bucks,27,San Antonio Spurs,17341,17729,1.022374719
2024,Milwaukee Bucks,28,Orlando Magic,17341,17928,1.033850412
2024,Milwaukee Bucks,33,Indiana Pacers,17341,17922,1.033504412
2024,Milwaukee Bucks,37,Utah Jazz,17341,17341,1.0
2024,Milwaukee Bucks,38,Boston Celtics,17341,17781,1.025373393
2024,Milwaukee Bucks,39,Golden State Warriors,17341,18009,1.038521423
2024,Milwaukee Bucks,40,Sacramento Kings,17341,17612,1.015627703
2024,Milwaukee Bucks,44,Cleveland Cavaliers,17341,17510,1.009745689
2024,Milwaukee Bucks,45,Cleveland Cavaliers,17341,17855,1.029640736
2024,Milwaukee Bucks,46,New Orleans Pelicans,17341,17940,1.034542414
2024,Milwaukee Bucks,52,Minnesota Timberwolves,17341,17577,1.013609365
2024,Milwaukee Bucks,53,Charlotte Hornets,17341,17690,1.020125714
2024,Milwaukee Bucks,54,Denver Nuggets,17341,17444,1.005939681
2024,Milwaukee Bucks,55,Miami Heat,17341,17520,1.010322357
2024,Milwaukee Bucks,59,Charlotte Hornets,17341,17607,1.015339369
2024,Milwaukee Bucks,62,Los Angeles Clippers,17341,17875,1.030794072
2024,Milwaukee Bucks,67,Philadelphia 76ers,17341,17635,1.01695404
2024,Milwaukee Bucks,68,Phoenix Suns,17341,17783,1.025488726
2024,Milwaukee Bucks,70,Brooklyn Nets,17341,17341,1.0
2024,Milwaukee Bucks,71,Oklahoma City Thunder,17341,17877,1.030909405
2024,Milwaukee Bucks,72,Los Angeles Lakers,17341,18085,1.0429041
2024,Milwaukee Bucks,76,Memphis Grizzlies,17341,17420,1.004555677
2024,Milwaukee Bucks,77,Toronto Raptors,17341,17750,1.023585722
2024,Milwaukee Bucks,78,New York Knicks,17341,17536,1.011245026
2024,Milwaukee Bucks,79,Boston Celtics,17341,17493,1.008765354
2024,Milwaukee Bucks,80,Orlando Magic,17341,17563,1.01280203
2024,Chicago Bulls,1,Oklahoma City Thunder,20917,21369,1.021609217
2024,Chicago Bulls,2,Toronto Raptors,20917,19555,0.9348854998
2024,Chicago Bulls,6,Brooklyn Nets,20917,20645,0.9869962232
2024,Chicago Bulls,8,Utah Jazz,20917,18031,0.8620261032
2024,Chicago Bulls,9,Phoenix Suns,20917,18220,0.8710618157
2024,Chicago Bulls,10,Detroit Pistons,20917,19088,0.9125591624
2024,Chicago Bulls,12,Orlando Magic,20917,19092,0.9127503944
2024,Chicago Bulls,13,Orlando Magic,20917,20235,0.9673949419
2024,Chicago Bulls,14,Miami Heat,20917,18063,0.8635559593
2024,Chicago Bulls,15,Miami Heat,20917,19258,0.9206865229
2024,Chicago Bulls,20,Milwaukee Bucks,20917,19838,0.9484151647
2024,Chicago Bulls,21,New Orleans Pelicans,20917,20511,0.9805899508
2024,Chicago Bulls,22,Charlotte Hornets,20917,17689,0.8456757661
2024,Chicago Bulls,25,Denver Nuggets,20917,20775,0.9932112636
2024,Chicago Bulls,29,Los Angeles Lakers,20917,21234,1.015155137
2024,Chicago Bulls,30,San Antonio Spurs,20917,20697,0.9894822393
2024,Chicago Bulls,31,Cleveland Cavaliers,20917,19583,0.9362241239
2024,Chicago Bulls,32,Atlanta Hawks,20917,21420,1.024047426
2024,Chicago Bulls,33,Indiana Pacers,20917,21568,1.03112301
2024,Chicago Bulls,34,Philadelphia 76ers,20917,21648,1.03494765
2024,Chicago Bulls,37,Charlotte Hornets,20917,21345,1.020461825
2024,Chicago Bulls,39,Houston Rockets,20917,21149,1.011091457
2024,Chicago Bulls,40,Golden State Warriors,20917,21153,1.011282689
2024,Chicago Bulls,44,Memphis Grizzlies,20917,21441,1.025051394
2024,Chicago Bulls,48,Toronto Raptors,20917,21259,1.016350337
2024,Chicago Bulls,50,Sacramento Kings,20917,21579,1.031648898
2024,Chicago Bulls,51,Minnesota Timberwolves,20917,20949,1.001529856
2024,Chicago Bulls,56,Boston Celtics,20917,20313,0.9711239662
2024,Chicago Bulls,58,Detroit Pistons,20917,21089,1.008222977
2024,Chicago Bulls,59,Cleveland Cavaliers,20917,21700,1.037433666
2024,Chicago Bulls,60,Milwaukee Bucks,20917,21249,1.015872257
2024,Chicago Bulls,65,Dallas Mavericks,20917,21363,1.021322369
2024,Chicago Bulls,67,Los Angeles Clippers,20917,21219,1.014438017
2024,Chicago Bulls,68,Washington Wizards,20917,21697,1.037290242
2024,Chicago Bulls,69,Portland Trail Blazers,20917,20293,0.9701678061
2024,Chicago Bulls,71,Boston Celtics,20917,21198,1.013434049
2024,Chicago Bulls,72,Washington Wizards,20917,21726,1.038676674
2024,Chicago Bulls,73,Indiana Pacers,20917,22018,1.052636611
2024,Chicago Bulls,76,Atlanta Hawks,20917,21114,1.009418177
2024,Chicago Bulls,77,New York Knicks,20917,21599,1.032605058
2024,Chicago Bulls,79,New York Knicks,20917,21648,1.03494765
2024,Atlanta Hawks,2,New York Knicks,17044,17692,1.038019244
2024,Atlanta Hawks,4,Minnesota Timberwolves,17044,15504,0.9096456231
2024,Atlanta Hawks,5,Washington Wizards,17044,15925,0.9343463976
2024,Atlanta Hawks,9,Miami Heat,17044,17722,1.039779395
2024,Atlanta Hawks,11,New York Knicks,17044,17060,1.000938747
2024,Atlanta Hawks,12,Philadelphia 76ers,17044,17067,1.001349448
2024,Atlanta Hawks,13,Indiana Pacers,17044,17162,1.006923257
2024,Atlanta Hawks,14,Brooklyn Nets,17044,17340,1.017366815
2024,Atlanta Hawks,20,Brooklyn Nets,17044,15906,0.9332316358
2024,Atlanta Hawks,22,Denver Nuggets,17044,17531,1.028573105
2024,Atlanta Hawks,26,Detroit Pistons,17044,17664,1.036376437
2024,Atlanta Hawks,29,Memphis Grizzlies,17044,17632,1.034498944
2024,Atlanta Hawks,31,Sacramento Kings,17044,18305,1.07398498
2024,Atlanta Hawks,33,Oklahoma City Thunder,17044,17770,1.042595635
2024,Atlanta Hawks,36,Philadelphia 76ers,17044,16089,0.943968552
2024,Atlanta Hawks,37,Indiana Pacers,17044,15596,0.915043417
2024,Atlanta Hawks,38,Washington Wizards,17044,17108,1.003754987
2024,Atlanta Hawks,39,San Antonio Spurs,17044,17447,1.023644684
2024,Atlanta Hawks,40,Orlando Magic,17044,14541,0.8531448017
2024,Atlanta Hawks,42,Cleveland Cavaliers,17044,17047,1.000176015
2024,Atlanta Hawks,45,Dallas Mavericks,17044,16149,0.9474888524
2024,Atlanta Hawks,46,Toronto Raptors,17044,15658,0.9186810608
2024,Atlanta Hawks,47,Los Angeles Lakers,17044,17871,1.048521474
2024,Atlanta Hawks,48,Phoenix Suns,17044,16536,0.97019479
2024,Atlanta Hawks,49,Golden State Warriors,17044,17600,1.03262145
2024,Atlanta Hawks,50,Los Angeles Clippers,17044,17093,1.002874912
2024,Atlanta Hawks,53,Houston Rockets,17044,17503,1.026930298
2024,Atlanta Hawks,54,Chicago Bulls,17044,16524,0.9694907299
2024,Atlanta Hawks,56,Toronto Raptors,17044,17625,1.034088242
2024,Atlanta Hawks,57,Orlando Magic,17044,17173,1.007568646
2024,Atlanta Hawks,58,Utah Jazz,17044,17129,1.004987092
2024,Atlanta Hawks,62,Cleveland Cavaliers,17044,15841,0.929417977
2024,Atlanta Hawks,64,New Orleans Pelicans,17044,17695,1.038195259
2024,Atlanta Hawks,70,Charlotte Hornets,17044,17900,1.050222952
2024,Atlanta Hawks,71,Boston Celtics,17044,17405,1.021180474
2024,Atlanta Hawks,72,Portland Trail Blazers,17044,16059,0.9422084018
2024,Atlanta Hawks,73,Boston Celtics,17044,17743,1.0410115
2024,Atlanta Hawks,74,Milwaukee Bucks,17044,17700,1.038488618
2024,Atlanta Hawks,76,Detroit Pistons,17044,17899,1.050164281
2024,Atlanta Hawks,79,Miami Heat,17044,17049,1.000293358
2024,Atlanta Hawks,80,Charlotte Hornets,17044,16158,0.9480168974
2024,Charlotte Hornets,1,Atlanta Hawks,19077,16129,0.845468365
2024,Charlotte Hornets,2,Detroit Pistons,19077,15855,0.8311055197
2024,Charlotte Hornets,3,Brooklyn Nets,19077,14491,0.759605808
2024,Charlotte Hornets,7,Washington Wizards,19077,14267,0.7478639199
2024,Charlotte Hornets,10,Miami Heat,19077,15673,0.8215652356
2024,Charlotte Hornets,11,Milwaukee Bucks,19077,19258,1.009487865
2024,Charlotte Hornets,12,New York Knicks,19077,19171,1.004927399
2024,Charlotte Hornets,13,Boston Celtics,19077,19134,1.002987891
2024,Charlotte Hornets,14,Washington Wizards,19077,16432,0.8613513655
2024,Charlotte Hornets,18,Minnesota Timberwolves,19077,17731,0.9294438329
2024,Charlotte Hornets,20,Toronto Raptors,19077,11526,0.6041830476
2024,Charlotte Hornets,21,Miami Heat,19077,15543,0.814750747
2024,Charlotte Hornets,23,New Orleans Pelicans,19077,16080,0.842899827
2024,Charlotte Hornets,24,Philadelphia 76ers,19077,17829,0.9345809089
2024,Charlotte Hornets,27,Denver Nuggets,19077,19165,1.004612885
2024,Charlotte Hornets,34,Chicago Bulls,19077,14418,0.7557792106
2024,Charlotte Hornets,35,Sacramento Kings,19077,14173,0.7429365204
2024,Charlotte Hornets,39,San Antonio Spurs,19077,19093,1.000838706
2024,Charlotte Hornets,40,Philadelphia 76ers,19077,18261,0.9572259789
2024,Charlotte Hornets,43,Houston Rockets,19077,16164,0.8473030351
2024,Charlotte Hornets,44,Utah Jazz,19077,17633,0.9243067568
2024,Charlotte Hornets,45,New York Knicks,19077,15546,0.8149080044
2024,Charlotte Hornets,46,Chicago Bulls,19077,13712,0.7187712953
2024,Charlotte Hornets,48,Indiana Pacers,19077,15687,0.8222991036
2024,Charlotte Hornets,49,Los Angeles Lakers,19077,19375,1.015620905
2024,Charlotte Hornets,50,Toronto Raptors,19077,11720,0.6143523615
2024,Charlotte Hornets,52,Memphis Grizzlies,19077,17259,0.9047019972
2024,Charlotte Hornets,53,Indiana Pacers,19077,12112,0.6349006657
2024,Charlotte Hornets,54,Atlanta Hawks,19077,14336,0.7514808408
2024,Charlotte Hornets,59,Milwaukee Bucks,19077,18463,0.9678146459
2024,Charlotte Hornets,62,Orlando Magic,19077,15928,0.8349321172
2024,Charlotte Hornets,64,Brooklyn Nets,19077,19090,1.000681449
2024,Charlotte Hornets,67,Phoenix Suns,19077,18613,0.9756775174
2024,Charlotte Hornets,72,Cleveland Cavaliers,19077,15303,0.8021701525
2024,Charlotte Hornets,73,Golden State Warriors,19077,19487,1.021491849
2024,Charlotte Hornets,74,Los Angeles Clippers,19077,15941,0.8356135661
2024,Charlotte Hornets,75,Boston Celtics,19077,19238,1.008439482
2024,Charlotte Hornets,76,Portland Trail Blazers,19077,14209,0.7448236096
2024,Charlotte Hornets,77,Orlando Magic,19077,16374,0.8583110552
2024,Charlotte Hornets,78,Oklahoma City Thunder,19077,16556,0.8678513393
2024,Charlotte Hornets,79,Dallas Mavericks,19077,17425,0.913403575
2024,Miami Heat,1,Detroit Pistons,19600,19695,1.004846939
2024,Miami Heat,5,Brooklyn Nets,19600,19600,1.0
2024,Miami Heat,6,Washington Wizards,19600,19660,1.003061224
2024,Miami Heat,7,Los Angeles Lakers,19600,19725,1.006377551
2024,Miami Heat,12,Brooklyn Nets,19600,19866,1.013571429
2024,Miami Heat,18,Milwaukee Bucks,19600,19691,1.004642857
2024,Miami Heat,19,Indiana Pacers,19600,19604,1.000204082
2024,Miami Heat,20,Indiana Pacers,19600,19650,1.00255102
2024,Miami Heat,22,Cleveland Cavaliers,19600,19600,1.0
2024,Miami Heat,24,Charlotte Hornets,19600,19600,1.0
2024,Miami Heat,25,Chicago Bulls,19600,19653,1.002704082
2024,Miami Heat,26,Chicago Bulls,19600,19815,1.010969388
2024,Miami Heat,27,Minnesota Timberwolves,19600,19819,1.011173469
2024,Miami Heat,29,Atlanta Hawks,19600,20029,1.021887755
2024,Miami Heat,30,Philadelphia 76ers,19600,20162,1.028673469
2024,Miami Heat,36,Houston Rockets,19600,19694,1.004795918
2024,Miami Heat,37,Oklahoma City Thunder,19600,19636,1.001836735
2024,Miami Heat,38,Orlando Magic,19600,19650,1.00255102
2024,Miami Heat,39,Charlotte Hornets,19600,19831,1.011785714
2024,Miami Heat,42,Atlanta Hawks,19600,20040,1.02244898
2024,Miami Heat,44,Memphis Grizzlies,19600,19600,1.0
2024,Miami Heat,45,Boston Celtics,19600,20074,1.024183673
2024,Miami Heat,47,Phoenix Suns,19600,19600,1.0
2024,Miami Heat,48,Sacramento Kings,19600,19600,1.0
2024,Miami Heat,50,Los Angeles Clippers,19600,19855,1.013010204
2024,Miami Heat,51,Orlando Magic,19600,19600,1.0
2024,Miami Heat,52,San Antonio Spurs,19600,19652,1.002653061
2024,Miami Heat,53,Boston Celtics,19600,20049,1.022908163
2024,Miami Heat,60,Utah Jazz,19600,19858,1.013163265
2024,Miami Heat,61,Detroit Pistons,19600,19724,1.006326531
2024,Miami Heat,64,Washington Wizards,19600,19730,1.006632653
2024,Miami Heat,65,Denver Nuggets,19600,19921,1.016377551
2024,Miami Heat,70,New Orleans Pelicans,19600,19727,1.006479592
2024,Miami Heat,71,Cleveland Cavaliers,19600,19645,1.002295918
2024,Miami Heat,72,Golden State Warriors,19600,19813,1.010867347
2024,Miami Heat,73,Portland Trail Blazers,19600,19839,1.012193878
2024,Miami Heat,75,New York Knicks,19600,19857,1.013112245
2024,Miami Heat,76,Philadelphia 76ers,19600,19719,1.006071429
2024,Miami Heat,80,Dallas Mavericks,19600,19660,1.003061224
2024,Miami Heat,81,Toronto Raptors,19600,19600,1.0
2024,Miami Heat,82,Toronto Raptors,19600,19600,1.0
2024,Orlando Magic,1,Houston Rockets,18846,18846,1.0
2024,Orlando Magic,6,Los Angeles Lakers,18846,18846,1.0
2024,Orlando Magic,7,Dallas Mavericks,18846,19409,1.029873713
2024,Orlando Magic,8,Atlanta Hawks,18846,19986,1.06049029
2024,Orlando Magic,9,Milwaukee Bucks,18846,19354,1.026955322
2024,Orlando Magic,14,Toronto Raptors,18846,18846,1.0
2024,Orlando Magic,15,Denver Nuggets,18846,18237,0.9676854505
2024,Orlando Magic,16,Boston Celtics,18846,18846,1.0
2024,Orlando Magic,17,Charlotte Hornets,18846,18846,1.0
2024,Orlando Magic,18,Washington Wizards,18846,17109,0.9078319007
2024,Orlando Magic,19,Washington Wizards,18846,18846,1.0
2024,Orlando Magic,22,Detroit Pistons,18846,18655,0.9898652234
2024,Orlando Magic,23,Cleveland Cavaliers,18846,19032,1.009869468
2024,Orlando Magic,26,Miami Heat,18846,19129,1.015016449
2024,Orlando Magic,30,Philadelphia 76ers,18846,19179,1.017669532
2024,Orlando Magic,31,New York Knicks,18846,19587,1.039318688
2024,Orlando Magic,36,Atlanta Hawks,18846,19349,1.026690014
2024,Orlando Magic,37,Minnesota Timberwolves,18846,19223,1.020004245
2024,Orlando Magic,42,Philadelphia 76ers,18846,19063,1.01151438
2024,Orlando Magic,43,Miami Heat,18846,18102,0.9605221267
2024,Orlando Magic,44,Cleveland Cavaliers,18846,19301,1.024143054
2024,Orlando Magic,46,Phoenix Suns,18846,18823,0.9987795819
2024,Orlando Magic,52,San Antonio Spurs,18846,19074,1.012098058
2024,Orlando Magic,53,Chicago Bulls,18846,19459,1.032526796
2024,Orlando Magic,54,Oklahoma City Thunder,18846,19301,1.024143054
2024,Orlando Magic,55,New York Knicks,18846,19259,1.021914465
2024,Orlando Magic,59,Brooklyn Nets,18846,17708,0.9396158336
2024,Orlando Magic,60,Utah Jazz,18846,17848,0.9470444657
2024,Orlando Magic,61,Detroit Pistons,18846,19459,1.032526796
2024,Orlando Magic,65,Indiana Pacers,18846,19481,1.033694153
2024,Orlando Magic,66,Brooklyn Nets,18846,18846,1.0
2024,Orlando Magic,68,Toronto Raptors,18846,18846,1.0
2024,Orlando Magic,69,Charlotte Hornets,18846,18846,1.0
2024,Orlando Magic,70,New Orleans Pelicans,18846,17094,0.9070359758
2024,Orlando Magic,71,Sacramento Kings,18846,18307,0.9713997665
2024,Orlando Magic,72,Golden State Warriors,18846,19210,1.019314443
2024,Orlando Magic,73,Los Angeles Clippers,18846,19452,1.032155365
2024,Orlando Magic,74,Memphis Grizzlies,18846,18009,0.9555873926
2024,Orlando Magic,75,Portland Trail Blazers,18846,19004,1.008383742
2024,Orlando Magic,78,Chicago Bulls,18846,19276,1.022816513
2024,Orlando Magic,82,Milwaukee Bucks,18846,18846,1.0
2024,Washington Wizards,2,Memphis Grizzlies,20333,16191,0.7962917425
2024,Washington Wizards,3,Boston Celtics,20333,17898,0.8802439384
2024,Washington Wizards,8,Charlotte Hornets,20333,17602,0.8656863227
2024,Washington Wizards,11,Dallas Mavericks,20333,16632,0.8179806226
2024,Washington Wizards,12,New York Knicks,20333,16886,0.8304726307
2024,Washington Wizards,13,Milwaukee Bucks,20333,17746,0.872768406
2024,Washington Wizards,16,Atlanta Hawks,20333,16276,0.8004721389
2024,Washington Wizards,20,Philadelphia 76ers,20333,15568,0.7656518959
2024,Washington Wizards,23,New Orleans Pelicans,20333,14080,0.6924703684
2024,Washington Wizards,24,Indiana Pacers,20333,15208,0.7479466877
2024,Washington Wizards,29,Orlando Magic,20333,16293,0.8013082182
2024,Washington Wizards,30,Toronto Raptors,20333,15437,0.7592091674
2024,Washington Wizards,31,Brooklyn Nets,20333,16825,0.8274725815
2024,Washington Wizards,32,Atlanta Hawks,20333,17042,0.8381448876
2024,Washington Wizards,35,New York Knicks,20333,20333,1.0
2024,Washington Wizards,36,Oklahoma City Thunder,20333,15297,0.7523238086
2024,Washington Wizards,39,Detroit Pistons,20333,15156,0.7453892687
2024,Washington Wizards,41,San Antonio Spurs,20333,17922,0.8814242856
2024,Washington Wizards,42,Denver Nuggets,20333,17107,0.8413416613
2024,Washington Wizards,43,Minnesota Timberwolves,20333,15446,0.7596517976
2024,Washington Wizards,44,Utah Jazz,20333,14027,0.6898637683
2024,Washington Wizards,47,Los Angeles Clippers,20333,17201,0.8459646879
2024,Washington Wizards,48,Miami Heat,20333,18308,0.9004082034
2024,Washington Wizards,49,Phoenix Suns,20333,16984,0.8352923818
2024,Washington Wizards,50,Cleveland Cavaliers,20333,15860,0.7800127871
2024,Washington Wizards,52,Philadelphia 76ers,20333,20333,1.0
2024,Washington Wizards,57,Cleveland Cavaliers,20333,17895,0.880096395
2024,Washington Wizards,58,Golden State Warriors,20333,20333,1.0
2024,Washington Wizards,62,Orlando Magic,20333,16018,0.7877834063
2024,Washington Wizards,63,Charlotte Hornets,20333,18778,0.9235233364
2024,Washington Wizards,68,Boston Celtics,20333,20333,1.0
2024,Washington Wizards,69,Houston Rockets,20333,14137,0.695273693
2024,Washington Wizards,70,Sacramento Kings,20333,14495,0.712880539
2024,Washington Wizards,71,Toronto Raptors,20333,15746,0.7744061378
2024,Washington Wizards,73,Brooklyn Nets,20333,15159,0.7455368121
2024,Washington Wizards,74,Detroit Pistons,20333,15023,0.7388481778
2024,Washington Wizards,75,Miami Heat,20333,16039,0.7888162101
2024,Washington Wizards,76,Milwaukee Bucks,20333,16492,0.8110952639
2024,Washington Wizards,77,Los Angeles Lakers,20333,20333,1.0
2024,Washington Wizards,78,Portland Trail Blazers,20333,18079,0.8891457237
2024,Washington Wizards,81,Chicago Bulls,20333,20333,1.0
2024,Oklahoma City Thunder,3,Denver Nuggets,18203,18203,1.0
2024,Oklahoma City Thunder,4,Detroit Pistons,18203,16127,0.8859528649
2024,Oklahoma City Thunder,5,New Orleans Pelicans,18203,15764,0.8660110971
2024,Oklahoma City Thunder,6,Golden State Warriors,18203,16827,0.9244080646
2024,Oklahoma City Thunder,7,Atlanta Hawks,18203,16486,0.9056748888
2024,Oklahoma City Thunder,8,Cleveland Cavaliers,18203,16314,0.8962258968
2024,Oklahoma City Thunder,11,San Antonio Spurs,18203,18203,1.0
2024,Oklahoma City Thunder,15,Chicago Bulls,18203,18203,1.0
2024,Oklahoma City Thunder,16,Philadelphia 76ers,18203,17125,0.9407789925
2024,Oklahoma City Thunder,18,Los Angeles Lakers,18203,17401,0.9559413284
2024,Oklahoma City Thunder,21,Golden State Warriors,18203,17112,0.9400648245
2024,Oklahoma City Thunder,22,Utah Jazz,18203,16631,0.9136406087
2024,Oklahoma City Thunder,25,Memphis Grizzlies,18203,16409,0.9014448168
2024,Oklahoma City Thunder,26,Los Angeles Clippers,18203,18203,1.0
2024,Oklahoma City Thunder,27,Los Angeles Lakers,18203,18203,1.0
2024,Oklahoma City Thunder,28,Minnesota Timberwolves,18203,18203,1.0
2024,Oklahoma City Thunder,29,New York Knicks,18203,18203,1.0
2024,Oklahoma City Thunder,31,Brooklyn Nets,18203,18203,1.0
2024,Oklahoma City Thunder,32,Boston Celtics,18203,18203,1.0
2024,Oklahoma City Thunder,37,Portland Trail Blazers,18203,15828,0.869527001
2024,Oklahoma City Thunder,38,Orlando Magic,18203,18203,1.0
2024,Oklahoma City Thunder,43,Portland Trail Blazers,18203,15874,0.872054057
2024,Oklahoma City Thunder,47,Minnesota Timberwolves,18203,16870,0.9267703126
2024,Oklahoma City Thunder,48,Denver Nuggets,18203,16723,0.9186947207
2024,Oklahoma City Thunder,49,Charlotte Hornets,18203,17552,0.9642366643
2024,Oklahoma City Thunder,50,Toronto Raptors,18203,17059,0.9371532165
2024,Oklahoma City Thunder,53,Sacramento Kings,18203,17092,0.9389661045
2024,Oklahoma City Thunder,55,Los Angeles Clippers,18203,18203,1.0
2024,Oklahoma City Thunder,56,Washington Wizards,18203,18203,1.0
2024,Oklahoma City Thunder,58,Houston Rockets,18203,17164,0.9429214965
2024,Oklahoma City Thunder,63,Miami Heat,18203,18203,1.0
2024,Oklahoma City Thunder,64,Memphis Grizzlies,18203,18203,1.0
2024,Oklahoma City Thunder,65,Indiana Pacers,18203,17118,0.9403944405
2024,Oklahoma City Thunder,66,Dallas Mavericks,18203,18203,1.0
2024,Oklahoma City Thunder,68,Utah Jazz,18203,18203,1.0
2024,Oklahoma City Thunder,72,Houston Rockets,18203,17438,0.9579739603
2024,Oklahoma City Thunder,73,Phoenix Suns,18203,18203,1.0
2024,Oklahoma City Thunder,79,Sacramento Kings,18203,17509,0.9618744163
2024,Oklahoma City Thunder,80,San Antonio Spurs,18203,17229,0.9464923364
2024,Oklahoma City Thunder,81,Milwaukee Bucks,18203,18203,1.0
2024,Oklahoma City Thunder,82,Dallas Mavericks,18203,18203,1.0
2024,Denver Nuggets,1,Los Angeles Lakers,19520,19842,1.016495902
2024,Denver Nuggets,4,Utah Jazz,19520,19671,1.007735656
2024,Denver Nuggets,6,Dallas Mavericks,19520,19729,1.010706967
2024,Denver Nuggets,7,Chicago Bulls,19520,19610,1.004610656
2024,Denver Nuggets,8,New Orleans Pelicans,19520,19544,1.001229508
2024,Denver Nuggets,9,Golden State Warriors,19520,19737,1.011116803
2024,Denver Nuggets,11,Los Angeles Clippers,19520,19661,1.007223361
2024,Denver Nuggets,17,San Antonio Spurs,19520,19665,1.007428279
2024,Denver Nuggets,19,Houston Rockets,19520,19590,1.003586066
2024,Denver Nuggets,23,Houston Rockets,19520,19544,1.001229508
2024,Denver Nuggets,26,Brooklyn Nets,19520,19636,1.005942623
2024,Denver Nuggets,27,Oklahoma City Thunder,19520,19611,1.004661885
2024,Denver Nuggets,28,Dallas Mavericks,19520,19659,1.007120902
2024,Denver Nuggets,32,Golden State Warriors,19520,19811,1.014907787
2024,Denver Nuggets,33,Memphis Grizzlies,19520,19733,1.010911885
2024,Denver Nuggets,34,Oklahoma City Thunder,19520,19808,1.014754098
2024,Denver Nuggets,35,Charlotte Hornets,19520,19625,1.005379098
2024,Denver Nuggets,37,Orlando Magic,19520,19659,1.007120902
2024,Denver Nuggets,38,Detroit Pistons,19520,19623,1.005276639
2024,Denver Nuggets,40,New Orleans Pelicans,19520,19638,1.006045082
2024,Denver Nuggets,41,Indiana Pacers,19520,19631,1.005686475
2024,Denver Nuggets,47,Philadelphia 76ers,19520,19805,1.01460041
2024,Denver Nuggets,48,Milwaukee Bucks,19520,19801,1.014395492
2024,Denver Nuggets,50,Portland Trail Blazers,19520,19622,1.00522541
2024,Denver Nuggets,51,Portland Trail Blazers,19520,19715,1.009989754
2024,Denver Nuggets,55,Sacramento Kings,19520,19617,1.004969262
2024,Denver Nuggets,56,Washington Wizards,19520,19621,1.00517418
2024,Denver Nuggets,59,Sacramento Kings,19520,19628,1.005532787
2024,Denver Nuggets,60,Miami Heat,19520,19634,1.005840164
2024,Denver Nuggets,62,Phoenix Suns,19520,19589,1.003534836
2024,Denver Nuggets,63,Boston Celtics,19520,19855,1.017161885
2024,Denver Nuggets,64,Utah Jazz,19520,19632,1.005737705
2024,Denver Nuggets,65,Toronto Raptors,19520,19652,1.006762295
2024,Denver Nuggets,70,New York Knicks,19520,19811,1.014907787
2024,Denver Nuggets,72,Memphis Grizzlies,19520,19536,1.000819672
2024,Denver Nuggets,73,Phoenix Suns,19520,19827,1.015727459
2024,Denver Nuggets,74,Minnesota Timberwolves,19520,19844,1.016598361
2024,Denver Nuggets,75,Cleveland Cavaliers,19520,19621,1.00517418
2024,Denver Nuggets,76,San Antonio Spurs,19520,19741,1.011321721
2024,Denver Nuggets,78,Atlanta Hawks,19520,19639,1.006096311
2024,Denver Nuggets,80,Minnesota Timberwolves,19520,19845,1.01664959
2024,Minnesota Timberwolves,2,Miami Heat,18024,18024,1.0
2024,Minnesota Timberwolves,4,Denver Nuggets,18024,18024,1.0
2024,Minnesota Timberwolves,5,Utah Jazz,18024,18024,1.0
2024,Minnesota Timberwolves,6,Boston Celtics,18024,18024,1.0
2024,Minnesota Timberwolves,7,New Orleans Pelicans,18024,18024,1.0
2024,Minnesota Timberwolves,13,New York Knicks,18024,18024,1.0
2024,Minnesota Timberwolves,14,Philadelphia 76ers,18024,18024,1.0
2024,Minnesota Timberwolves,15,Sacramento Kings,18024,18024,1.0
2024,Minnesota Timberwolves,17,Oklahoma City Thunder,18024,18024,1.0
2024,Minnesota Timberwolves,18,Utah Jazz,18024,18024,1.0
2024,Minnesota Timberwolves,20,San Antonio Spurs,18024,18024,1.0
2024,Minnesota Timberwolves,24,Indiana Pacers,18024,18024,1.0
2024,Minnesota Timberwolves,27,Los Angeles Lakers,18024,18024,1.0
2024,Minnesota Timberwolves,30,Dallas Mavericks,18024,18024,1.0
2024,Minnesota Timberwolves,31,Los Angeles Lakers,18024,18024,1.0
2024,Minnesota Timberwolves,33,New Orleans Pelicans,18024,18024,1.0
2024,Minnesota Timberwolves,38,Portland Trail Blazers,18024,18024,1.0
2024,Minnesota Timberwolves,39,Los Angeles Clippers,18024,18024,1.0
2024,Minnesota Timberwolves,41,Memphis Grizzlies,18024,18024,1.0
2024,Minnesota Timberwolves,42,Oklahoma City Thunder,18024,18024,1.0
2024,Minnesota Timberwolves,43,Charlotte Hornets,18024,18024,1.0
2024,Minnesota Timberwolves,48,Dallas Mavericks,18024,18024,1.0
2024,Minnesota Timberwolves,49,Orlando Magic,18024,18024,1.0
2024,Minnesota Timberwolves,50,Houston Rockets,18024,18024,1.0
2024,Minnesota Timberwolves,56,Milwaukee Bucks,18024,18024,1.0
2024,Minnesota Timberwolves,57,Brooklyn Nets,18024,18024,1.0
2024,Minnesota Timberwolves,58,San Antonio Spurs,18024,18024,1.0
2024,Minnesota Timberwolves,59,Memphis Grizzlies,18024,18024,1.0
2024,Minnesota Timberwolves,60,Sacramento Kings,18024,18024,1.0
2024,Minnesota Timberwolves,61,Los Angeles Clippers,18024,18024,1.0
2024,Minnesota Timberwolves,62,Portland Trail Blazers,18024,18024,1.0
2024,Minnesota Timberwolves,69,Denver Nuggets,18024,18024,1.0
2024,Minnesota Timberwolves,70,Cleveland Cavaliers,18024,18024,1.0
2024,Minnesota Timberwolves,71,Golden State Warriors,18024,18024,1.0
2024,Minnesota Timberwolves,72,Detroit Pistons,18024,18024,1.0
2024,Minnesota Timberwolves,74,Chicago Bulls,18024,18024,1.0
2024,Minnesota Timberwolves,75,Houston Rockets,18024,18024,1.0
2024,Minnesota Timberwolves,76,Toronto Raptors,18024,18024,1.0
2024,Minnesota Timberwolves,79,Washington Wizards,18024,18024,1.0
2024,Minnesota Timberwolves,81,Atlanta Hawks,18024,18024,1.0
2024,Minnesota Timberwolves,82,Phoenix Suns,18024,18024,1.0
2024,Portland Trail Blazers,2,Orlando Magic,19411,19464,1.002730411
2024,Portland Trail Blazers,6,Memphis Grizzlies,19411,18592,0.9578074288
2024,Portland Trail Blazers,7,Memphis Grizzlies,19411,18187,0.9369429705
2024,Portland Trail Blazers,11,Cleveland Cavaliers,19411,18137,0.9343671114
2024,Portland Trail Blazers,12,Los Angeles Lakers,19411,18570,0.9566740508
2024,Portland Trail Blazers,13,Oklahoma City Thunder,19411,18235,0.9394157952
2024,Portland Trail Blazers,15,Utah Jazz,19411,17819,0.9179846479
2024,Portland Trail Blazers,21,Dallas Mavericks,19411,18762,0.9665653495
2024,Portland Trail Blazers,23,Utah Jazz,19411,17842,0.919169543
2024,Portland Trail Blazers,24,Dallas Mavericks,19411,18439,0.9499253001
2024,Portland Trail Blazers,25,Golden State Warriors,19411,18547,0.9554891556
2024,Portland Trail Blazers,26,Phoenix Suns,19411,18233,0.9393127608
2024,Portland Trail Blazers,27,Washington Wizards,19411,18690,0.9628561125
2024,Portland Trail Blazers,29,Sacramento Kings,19411,18585,0.9574468085
2024,Portland Trail Blazers,30,San Antonio Spurs,19411,19335,0.9960846942
2024,Portland Trail Blazers,31,San Antonio Spurs,19411,18861,0.9716655505
2024,Portland Trail Blazers,39,Phoenix Suns,19411,18071,0.9309669775
2024,Portland Trail Blazers,40,Brooklyn Nets,19411,17021,0.8768739375
2024,Portland Trail Blazers,41,Indiana Pacers,19411,18595,0.9579619803
2024,Portland Trail Blazers,46,Chicago Bulls,19411,17899,0.9221060224
2024,Portland Trail Blazers,47,Philadelphia 76ers,19411,17128,0.8823862758
2024,Portland Trail Blazers,48,Milwaukee Bucks,19411,19335,0.9960846942
2024,Portland Trail Blazers,51,Detroit Pistons,19411,18125,0.9337489053
2024,Portland Trail Blazers,52,New Orleans Pelicans,19411,18226,0.9389521405
2024,Portland Trail Blazers,53,Minnesota Timberwolves,19411,17906,0.9224666426
2024,Portland Trail Blazers,54,Minnesota Timberwolves,19411,18606,0.9585286693
2024,Portland Trail Blazers,55,Denver Nuggets,19411,18898,0.9735716862
2024,Portland Trail Blazers,56,Charlotte Hornets,19411,17888,0.9215393334
2024,Portland Trail Blazers,57,Miami Heat,19411,18143,0.9346762145
2024,Portland Trail Blazers,61,Oklahoma City Thunder,19411,17589,0.9061356963
2024,Portland Trail Blazers,62,Houston Rockets,19411,18139,0.9344701458
2024,Portland Trail Blazers,63,Toronto Raptors,19411,18117,0.9333367678
2024,Portland Trail Blazers,64,Boston Celtics,19411,18480,0.9520375045
2024,Portland Trail Blazers,65,Atlanta Hawks,19411,18064,0.9306063572
2024,Portland Trail Blazers,66,New York Knicks,19411,17768,0.9153572717
2024,Portland Trail Blazers,69,Los Angeles Clippers,19411,17504,0.9017567359
2024,Portland Trail Blazers,70,Los Angeles Clippers,19411,18660,0.9613105971
2024,Portland Trail Blazers,71,Denver Nuggets,19411,18629,0.9597135645
2024,Portland Trail Blazers,79,New Orleans Pelicans,19411,18341,0.9448766164
2024,Portland Trail Blazers,80,Golden State Warriors,19411,19335,0.9960846942
2024,Portland Trail Blazers,81,Houston Rockets,19411,18630,0.9597650817
2024,Utah Jazz,1,Sacramento Kings,18306,18206,0.9945373102
2024,Utah Jazz,2,Los Angeles Clippers,18306,18206,0.9945373102
2024,Utah Jazz,5,Memphis Grizzlies,18306,18206,0.9945373102
2024,Utah Jazz,6,Orlando Magic,18306,18206,0.9945373102
2024,Utah Jazz,11,Portland Trail Blazers,18306,18206,0.9945373102
2024,Utah Jazz,12,Phoenix Suns,18306,18206,0.9945373102
2024,Utah Jazz,13,Phoenix Suns,18306,18206,0.9945373102
2024,Utah Jazz,16,New Orleans Pelicans,18306,18206,0.9945373102
2024,Utah Jazz,17,New Orleans Pelicans,18306,18206,0.9945373102
2024,Utah Jazz,20,Portland Trail Blazers,18306,18206,0.9945373102
2024,Utah Jazz,22,Los Angeles Clippers,18306,18206,0.9945373102
2024,Utah Jazz,24,New York Knicks,18306,18206,0.9945373102
2024,Utah Jazz,27,Brooklyn Nets,18306,18206,0.9945373102
2024,Utah Jazz,33,Miami Heat,18306,18206,0.9945373102
2024,Utah Jazz,34,Dallas Mavericks,18306,18206,0.9945373102
2024,Utah Jazz,35,Detroit Pistons,18306,18206,0.9945373102
2024,Utah Jazz,39,Denver Nuggets,18306,18206,0.9945373102
2024,Utah Jazz,40,Toronto Raptors,18306,18206,0.9945373102
2024,Utah Jazz,41,Los Angeles Lakers,18306,18206,0.9945373102
2024,Utah Jazz,42,Indiana Pacers,18306,18206,0.9945373102
2024,Utah Jazz,43,Oklahoma City Thunder,18306,18206,0.9945373102
2024,Utah Jazz,50,Philadelphia 76ers,18306,18206,0.9945373102
2024,Utah Jazz,51,Milwaukee Bucks,18306,18206,0.9945373102
2024,Utah Jazz,52,Oklahoma City Thunder,18306,18206,0.9945373102
2024,Utah Jazz,54,Golden State Warriors,18306,18206,0.9945373102
2024,Utah Jazz,55,Los Angeles Lakers,18306,18206,0.9945373102
2024,Utah Jazz,56,Golden State Warriors,18306,18206,0.9945373102
2024,Utah Jazz,57,Charlotte Hornets,18306,18206,0.9945373102
2024,Utah Jazz,58,San Antonio Spurs,18306,18206,0.9945373102
2024,Utah Jazz,62,Washington Wizards,18306,18206,0.9945373102
2024,Utah Jazz,63,Chicago Bulls,18306,18206,0.9945373102
2024,Utah Jazz,65,Boston Celtics,18306,18206,0.9945373102
2024,Utah Jazz,66,Atlanta Hawks,18306,18206,0.9945373102
2024,Utah Jazz,67,Minnesota Timberwolves,18306,18206,0.9945373102
2024,Utah Jazz,68,Minnesota Timberwolves,18306,18206,0.9945373102
2024,Utah Jazz,72,Dallas Mavericks,18306,18206,0.9945373102
2024,Utah Jazz,73,San Antonio Spurs,18306,18206,0.9945373102
2024,Utah Jazz,74,Houston Rockets,18306,18206,0.9945373102
2024,Utah Jazz,76,Cleveland Cavaliers,18306,18206,0.9945373102
2024,Utah Jazz,79,Denver Nuggets,18306,18206,0.9945373102
2024,Utah Jazz,80,Houston Rockets,18306,18206,0.9945373102
2024,Golden State Warriors,1,Phoenix Suns,18064,18064,1.0
2024,Golden State Warriors,5,Sacramento Kings,18064,18064,1.0
2024,Golden State Warriors,10,Cleveland Cavaliers,18064,18064,1.0
2024,Golden State Warriors,11,Minnesota Timberwolves,18064,18064,1.0
2024,Golden State Warriors,12,Minnesota Timberwolves,18064,18064,1.0
2024,Golden State Warriors,13,Oklahoma City Thunder,18064,18064,1.0
2024,Golden State Warriors,14,Oklahoma City Thunder,18064,18064,1.0
2024,Golden State Warriors,15,Houston Rockets,18064,18064,1.0
2024,Golden State Warriors,17,San Antonio Spurs,18064,18064,1.0
2024,Golden State Warriors,19,Los Angeles Clippers,18064,18064,1.0
2024,Golden State Warriors,21,Portland Trail Blazers,18064,18064,1.0
2024,Golden State Warriors,25,Brooklyn Nets,18064,18064,1.0
2024,Golden State Warriors,27,Boston Celtics,18064,18064,1.0
2024,Golden State Warriors,28,Washington Wizards,18064,18064,1.0
2024,Golden State Warriors,29,Portland Trail Blazers,18064,18064,1.0
2024,Golden State Warriors,31,Miami Heat,18064,18064,1.0
2024,Golden State Warriors,32,Dallas Mavericks,18064,18064,1.0
2024,Golden State Warriors,33,Orlando Magic,18064,18064,1.0
2024,Golden State Warriors,34,Denver Nuggets,18064,18064,1.0
2024,Golden State Warriors,35,Detroit Pistons,18064,18064,1.0
2024,Golden State Warriors,36,Toronto Raptors,18064,18064,1.0
2024,Golden State Warriors,37,New Orleans Pelicans,18064,18064,1.0
2024,Golden State Warriors,41,Atlanta Hawks,18064,18064,1.0
2024,Golden State Warriors,42,Sacramento Kings,18064,18064,1.0
2024,Golden State Warriors,43,Los Angeles Lakers,18064,18064,1.0
2024,Golden State Warriors,44,Philadelphia 76ers,18064,18064,1.0
2024,Golden State Warriors,50,Phoenix Suns,18064,18064,1.0
2024,Golden State Warriors,52,Los Angeles Clippers,18064,18064,1.0
2024,Golden State Warriors,54,Los Angeles Lakers,18064,18064,1.0
2024,Golden State Warriors,55,Charlotte Hornets,18064,18064,1.0
2024,Golden State Warriors,56,Denver Nuggets,18064,18064,1.0
2024,Golden State Warriors,61,Milwaukee Bucks,18064,18064,1.0
2024,Golden State Warriors,62,Chicago Bulls,18064,18064,1.0
2024,Golden State Warriors,63,San Antonio Spurs,18064,18064,1.0
2024,Golden State Warriors,67,New York Knicks,18064,18064,1.0
2024,Golden State Warriors,68,Memphis Grizzlies,18064,18064,1.0
2024,Golden State Warriors,69,Indiana Pacers,18064,18064,1.0
2024,Golden State Warriors,75,Dallas Mavericks,18064,18064,1.0
2024,Golden State Warriors,78,Utah Jazz,18064,18064,1.0
2024,Golden State Warriors,81,New Orleans Pelicans,18064,18064,1.0
2024,Golden State Warriors,82,Utah Jazz,18064,18064,1.0
2024,Phoenix Suns,3,Utah Jazz,17071,17071,1.0
2024,Phoenix Suns,4,San Antonio Spurs,17071,17071,1.0
2024,Phoenix Suns,5,San Antonio Spurs,17071,17071,1.0
2024,Phoenix Suns,9,Los Angeles Lakers,17071,17071,1.0
2024,Phoenix Suns,10,Oklahoma City Thunder,17071,17071,1.0
2024,Phoenix Suns,11,Minnesota Timberwolves,17071,17071,1.0
2024,Phoenix Suns,14,Portland Trail Blazers,17071,17071,1.0
2024,Phoenix Suns,15,Golden State Warriors,17071,17071,1.0
2024,Phoenix Suns,19,Denver Nuggets,17071,17071,1.0
2024,Phoenix Suns,20,Memphis Grizzlies,17071,17071,1.0
2024,Phoenix Suns,22,Sacramento Kings,17071,17071,1.0
2024,Phoenix Suns,23,Golden State Warriors,17071,17071,1.0
2024,Phoenix Suns,24,Brooklyn Nets,17071,17071,1.0
2024,Phoenix Suns,25,New York Knicks,17071,17071,1.0
2024,Phoenix Suns,26,Washington Wizards,17071,17071,1.0
2024,Phoenix Suns,29,Dallas Mavericks,17071,17071,1.0
2024,Phoenix Suns,31,Charlotte Hornets,17071,17071,1.0
2024,Phoenix Suns,32,Orlando Magic,17071,17071,1.0
2024,Phoenix Suns,33,Portland Trail Blazers,17071,17071,1.0
2024,Phoenix Suns,34,Los Angeles Clippers,17071,17071,1.0
2024,Phoenix Suns,35,Miami Heat,17071,17071,1.0
2024,Phoenix Suns,36,Memphis Grizzlies,17071,17071,1.0
2024,Phoenix Suns,40,Sacramento Kings,17071,17071,1.0
2024,Phoenix Suns,42,Indiana Pacers,17071,17071,1.0
2024,Phoenix Suns,43,Chicago Bulls,17071,17071,1.0
2024,Phoenix Suns,51,Milwaukee Bucks,17071,17071,1.0
2024,Phoenix Suns,52,Utah Jazz,17071,17071,1.0
2024,Phoenix Suns,54,Sacramento Kings,17071,17071,1.0
2024,Phoenix Suns,55,Detroit Pistons,17071,17071,1.0
2024,Phoenix Suns,58,Los Angeles Lakers,17071,17071,1.0
2024,Phoenix Suns,59,Houston Rockets,17071,17071,1.0
2024,Phoenix Suns,60,Houston Rockets,17071,17071,1.0
2024,Phoenix Suns,61,Oklahoma City Thunder,17071,17071,1.0
2024,Phoenix Suns,63,Toronto Raptors,17071,17071,1.0
2024,Phoenix Suns,64,Boston Celtics,17071,17071,1.0
2024,Phoenix Suns,69,Philadelphia 76ers,17071,17071,1.0
2024,Phoenix Suns,70,Atlanta Hawks,17071,17071,1.0
2024,Phoenix Suns,76,Cleveland Cavaliers,17071,17071,1.0
2024,Phoenix Suns,77,Minnesota Timberwolves,17071,17071,1.0
2024,Phoenix Suns,78,New Orleans Pelicans,17071,17071,1.0
2024,Phoenix Suns,79,Los Angeles Clippers,17071,17071,1.0
2024,Los Angeles Lakers,2,Phoenix Suns,18997,18997,1.0
2024,Los Angeles Lakers,4,Orlando Magic,18997,18997,1.0
2024,Los Angeles Lakers,5,Los Angeles Clippers,18997,18997,1.0
2024,Los Angeles Lakers,10,Portland Trail Blazers,18997,18997,1.0
2024,Los Angeles Lakers,11,Memphis Grizzlies,18997,18430,0.9701531821
2024,Los Angeles Lakers,12,Sacramento Kings,18997,18687,0.9836816339
2024,Los Angeles Lakers,14,Houston Rockets,18997,18997,1.0
2024,Los Angeles Lakers,15,Utah Jazz,18997,18997,1.0
2024,Los Angeles Lakers,16,Dallas Mavericks,18997,18997,1.0
2024,Los Angeles Lakers,21,Houston Rockets,18997,18997,1.0
2024,Los Angeles Lakers,22,Phoenix Suns,18997,18664,0.9824709165
2024,Los Angeles Lakers,23,New Orleans Pelicans,18997,18017,0.9484129073
2024,Los Angeles Lakers,27,New York Knicks,18997,18997,1.0
2024,Los Angeles Lakers,31,Boston Celtics,18997,18997,1.0
2024,Los Angeles Lakers,32,Charlotte Hornets,18997,18997,1.0
2024,Los Angeles Lakers,35,Miami Heat,18997,18997,1.0
2024,Los Angeles Lakers,36,Memphis Grizzlies,18997,18997,1.0
2024,Los Angeles Lakers,37,Los Angeles Clippers,18997,18997,1.0
2024,Los Angeles Lakers,38,Toronto Raptors,18997,18997,1.0
2024,Los Angeles Lakers,39,Phoenix Suns,18997,18416,0.9694162236
2024,Los Angeles Lakers,41,Oklahoma City Thunder,18997,18997,1.0
2024,Los Angeles Lakers,42,Dallas Mavericks,18997,18338,0.9653103122
2024,Los Angeles Lakers,43,Brooklyn Nets,18997,18997,1.0
2024,Los Angeles Lakers,44,Portland Trail Blazers,18997,18997,1.0
2024,Los Angeles Lakers,46,Chicago Bulls,18997,18997,1.0
2024,Los Angeles Lakers,53,Denver Nuggets,18997,18997,1.0
2024,Los Angeles Lakers,54,New Orleans Pelicans,18997,18997,1.0
2024,Los Angeles Lakers,55,Detroit Pistons,18997,18997,1.0
2024,Los Angeles Lakers,58,San Antonio Spurs,18997,18997,1.0
2024,Los Angeles Lakers,61,Washington Wizards,18997,18997,1.0
2024,Los Angeles Lakers,62,Denver Nuggets,18997,18997,1.0
2024,Los Angeles Lakers,63,Oklahoma City Thunder,18997,18997,1.0
2024,Los Angeles Lakers,64,Sacramento Kings,18997,18498,0.9737326946
2024,Los Angeles Lakers,65,Milwaukee Bucks,18997,18997,1.0
2024,Los Angeles Lakers,66,Minnesota Timberwolves,18997,18997,1.0
2024,Los Angeles Lakers,68,Golden State Warriors,18997,18997,1.0
2024,Los Angeles Lakers,69,Atlanta Hawks,18997,18997,1.0
2024,Los Angeles Lakers,70,Philadelphia 76ers,18997,18997,1.0
2024,Los Angeles Lakers,71,Indiana Pacers,18997,18997,1.0
2024,Los Angeles Lakers,78,Cleveland Cavaliers,18997,18997,1.0
2024,Los Angeles Lakers,79,Minnesota Timberwolves,18997,18997,1.0
2024,Los Angeles Lakers,80,Golden State Warriors,18997,18997,1.0
2024,Sacramento Kings,2,Golden State Warriors,17611,18250,1.036284141
2024,Sacramento Kings,3,Los Angeles Lakers,17611,18198,1.033331441
2024,Sacramento Kings,7,Portland Trail Blazers,17611,17829,1.012378627
2024,Sacramento Kings,8,Oklahoma City Thunder,17611,18097,1.027596389
2024,Sacramento Kings,9,Cleveland Cavaliers,17611,17829,1.012378627
2024,Sacramento Kings,16,Golden State Warriors,17611,18039,1.024302992
2024,Sacramento Kings,17,Los Angeles Clippers,17611,17829,1.012378627
2024,Sacramento Kings,18,Denver Nuggets,17611,17829,1.012378627
2024,Sacramento Kings,19,New Orleans Pelicans,17611,18048,1.024814037
2024,Sacramento Kings,21,Brooklyn Nets,17611,17794,1.010391233
2024,Sacramento Kings,23,Oklahoma City Thunder,17611,17794,1.010391233
2024,Sacramento Kings,24,Utah Jazz,17611,17794,1.010391233
2024,Sacramento Kings,25,Washington Wizards,17611,17794,1.010391233
2024,Sacramento Kings,26,Boston Celtics,17611,17874,1.014933848
2024,Sacramento Kings,27,Phoenix Suns,17611,17794,1.010391233
2024,Sacramento Kings,28,Minnesota Timberwolves,17611,17983,1.021123162
2024,Sacramento Kings,32,Charlotte Hornets,17611,17832,1.012548975
2024,Sacramento Kings,33,Orlando Magic,17611,17832,1.012548975
2024,Sacramento Kings,34,Toronto Raptors,17611,17941,1.018738289
2024,Sacramento Kings,35,New Orleans Pelicans,17611,17832,1.012548975
2024,Sacramento Kings,41,Indiana Pacers,17611,17832,1.012548975
2024,Sacramento Kings,42,Atlanta Hawks,17611,17832,1.012548975
2024,Sacramento Kings,50,Detroit Pistons,17611,17832,1.012548975
2024,Sacramento Kings,51,Denver Nuggets,17611,17832,1.012548975
2024,Sacramento Kings,55,San Antonio Spurs,17611,18153,1.030776219
2024,Sacramento Kings,57,Miami Heat,17611,17832,1.012548975
2024,Sacramento Kings,60,Chicago Bulls,17611,17832,1.012548975
2024,Sacramento Kings,62,San Antonio Spurs,17611,17968,1.020271421
2024,Sacramento Kings,63,Houston Rockets,17611,18022,1.023337687
2024,Sacramento Kings,64,Milwaukee Bucks,17611,17832,1.012548975
2024,Sacramento Kings,65,Los Angeles Lakers,17611,18332,1.040940321
2024,Sacramento Kings,66,New York Knicks,17611,18311,1.039747885
2024,Sacramento Kings,67,Memphis Grizzlies,17611,17832,1.012548975
2024,Sacramento Kings,71,Philadelphia 76ers,17611,17832,1.012548975
2024,Sacramento Kings,72,Dallas Mavericks,17611,17832,1.012548975
2024,Sacramento Kings,73,Dallas Mavericks,17611,17832,1.012548975
2024,Sacramento Kings,74,Utah Jazz,17611,18332,1.040940321
2024,Sacramento Kings,75,Los Angeles Clippers,17611,17832,1.012548975
2024,Sacramento Kings,80,New Orleans Pelicans,17611,17832,1.012548975
2024,Sacramento Kings,81,Phoenix Suns,17611,17832,1.012548975
2024,Sacramento Kings,82,Portland Trail Blazers,17611,18037,1.024189427
2024,Los Angeles Clippers,1,Portland Trail Blazers,18997,19370,1.019634679
2024,Los Angeles Clippers,3,San Antonio Spurs,18997,19370,1.019634679
2024,Los Angeles Clippers,4,Orlando Magic,18997,14014,0.7376954256
2024,Los Angeles Clippers,9,Memphis Grizzlies,18997,17220,0.9064589146
2024,Los Angeles Clippers,11,Houston Rockets,18997,19370,1.019634679
2024,Los Angeles Clippers,14,New Orleans Pelicans,18997,19370,1.019634679
2024,Los Angeles Clippers,15,Dallas Mavericks,18997,19370,1.019634679
2024,Los Angeles Clippers,16,Denver Nuggets,18997,17071,0.8986155709
2024,Los Angeles Clippers,19,Golden State Warriors,18997,19370,1.019634679
2024,Los Angeles Clippers,20,Denver Nuggets,18997,16365,0.8614518082
2024,Los Angeles Clippers,22,Portland Trail Blazers,18997,17102,0.9002474075
2024,Los Angeles Clippers,23,Sacramento Kings,18997,17060,0.8980365321
2024,Los Angeles Clippers,24,Golden State Warriors,18997,19370,1.019634679
2024,Los Angeles Clippers,25,New York Knicks,18997,19370,1.019634679
2024,Los Angeles Clippers,29,Boston Celtics,18997,19370,1.019634679
2024,Los Angeles Clippers,30,Charlotte Hornets,18997,19370,1.019634679
2024,Los Angeles Clippers,31,Memphis Grizzlies,18997,19370,1.019634679
2024,Los Angeles Clippers,32,Miami Heat,18997,19370,1.019634679
2024,Los Angeles Clippers,36,Phoenix Suns,18997,19370,1.019634679
2024,Los Angeles Clippers,37,Toronto Raptors,18997,19370,1.019634679
2024,Los Angeles Clippers,40,Oklahoma City Thunder,18997,19370,1.019634679
2024,Los Angeles Clippers,41,Brooklyn Nets,18997,19370,1.019634679
2024,Los Angeles Clippers,42,Los Angeles Lakers,18997,19370,1.019634679
2024,Los Angeles Clippers,50,New Orleans Pelicans,18997,19370,1.019634679
2024,Los Angeles Clippers,51,Detroit Pistons,18997,19370,1.019634679
2024,Los Angeles Clippers,52,Minnesota Timberwolves,18997,19370,1.019634679
2024,Los Angeles Clippers,56,Sacramento Kings,18997,19370,1.019634679
2024,Los Angeles Clippers,57,Los Angeles Lakers,18997,19370,1.019634679
2024,Los Angeles Clippers,58,Washington Wizards,18997,19370,1.019634679
2024,Los Angeles Clippers,62,Chicago Bulls,18997,19370,1.019634679
2024,Los Angeles Clippers,63,Milwaukee Bucks,18997,19370,1.019634679
2024,Los Angeles Clippers,64,Minnesota Timberwolves,18997,19370,1.019634679
2024,Los Angeles Clippers,67,Atlanta Hawks,18997,19370,1.019634679
2024,Los Angeles Clippers,70,Philadelphia 76ers,18997,19370,1.019634679
2024,Los Angeles Clippers,71,Indiana Pacers,18997,19370,1.019634679
2024,Los Angeles Clippers,76,Denver Nuggets,18997,19370,1.019634679
2024,Los Angeles Clippers,77,Utah Jazz,18997,19370,1.019634679
2024,Los Angeles Clippers,78,Cleveland Cavaliers,18997,19370,1.019634679
2024,Los Angeles Clippers,80,Phoenix Suns,18997,19370,1.019634679
2024,Los Angeles Clippers,81,Utah Jazz,18997,19370,1.019634679
2024,Los Angeles Clippers,82,Houston Rockets,18997,19370,1.019634679
2024,Houston Rockets,3,Golden State Warriors,18055,18055,1.0
2024,Houston Rockets,4,Charlotte Hornets,18055,16263,0.9007477153
2024,Houston Rockets,5,Sacramento Kings,18055,18055,1.0
2024,Houston Rockets,6,Sacramento Kings,18055,15130,0.8379950152
2024,Houston Rockets,7,Los Angeles Lakers,18055,18055,1.0
2024,Houston Rockets,8,New Orleans Pelicans,18055,16236,0.8992522847
2024,Houston Rockets,9,Denver Nuggets,18055,18055,1.0
2024,Houston Rockets,13,Memphis Grizzlies,18055,18055,1.0
2024,Houston Rockets,14,Denver Nuggets,18055,18055,1.0
2024,Houston Rockets,18,Oklahoma City Thunder,18055,16291,0.9022985323
2024,Houston Rockets,20,San Antonio Spurs,18055,16481,0.912821933
2024,Houston Rockets,21,Memphis Grizzlies,18055,16813,0.9312101911
2024,Houston Rockets,25,Atlanta Hawks,18055,18055,1.0
2024,Houston Rockets,26,Dallas Mavericks,18055,18055,1.0
2024,Houston Rockets,28,Indiana Pacers,18055,18055,1.0
2024,Houston Rockets,29,Phoenix Suns,18055,18055,1.0
2024,Houston Rockets,30,Philadelphia 76ers,18055,18055,1.0
2024,Houston Rockets,31,Detroit Pistons,18055,18055,1.0
2024,Houston Rockets,32,Brooklyn Nets,18055,16563,0.9173636112
2024,Houston Rockets,33,Minnesota Timberwolves,18055,18055,1.0
2024,Houston Rockets,34,Milwaukee Bucks,18055,18055,1.0
2024,Houston Rockets,41,Utah Jazz,18055,16618,0.9204098588
2024,Houston Rockets,42,Boston Celtics,18055,18055,1.0
2024,Houston Rockets,43,Portland Trail Blazers,18055,18055,1.0
2024,Houston Rockets,46,Los Angeles Lakers,18055,18055,1.0
2024,Houston Rockets,47,New Orleans Pelicans,18055,18055,1.0
2024,Houston Rockets,48,Toronto Raptors,18055,18055,1.0
2024,Houston Rockets,53,New York Knicks,18055,16790,0.9299363057
2024,Houston Rockets,56,Phoenix Suns,18055,18055,1.0
2024,Houston Rockets,57,Oklahoma City Thunder,18055,18055,1.0
2024,Houston Rockets,61,San Antonio Spurs,18055,16734,0.9268346718
2024,Houston Rockets,62,Los Angeles Clippers,18055,17033,0.9433951814
2024,Houston Rockets,66,Washington Wizards,18055,18055,1.0
2024,Houston Rockets,67,Cleveland Cavaliers,18055,18055,1.0
2024,Houston Rockets,69,Chicago Bulls,18055,17016,0.942453614
2024,Houston Rockets,70,Utah Jazz,18055,18055,1.0
2024,Houston Rockets,71,Portland Trail Blazers,18055,16537,0.9159235669
2024,Houston Rockets,74,Dallas Mavericks,18055,18055,1.0
2024,Houston Rockets,76,Golden State Warriors,18055,18055,1.0
2024,Houston Rockets,77,Miami Heat,18055,18055,1.0
2024,Houston Rockets,79,Orlando Magic,18055,18055,1.0
2024,Memphis Grizzlies,1,New Orleans Pelicans,17794,17798,1.000224795
2024,Memphis Grizzlies,2,Denver Nuggets,17794,16617,0.9338541081
2024,Memphis Grizzlies,4,Dallas Mavericks,17794,15031,0.8447229403
2024,Memphis Grizzlies,8,Miami Heat,17794,16781,0.943070698
2024,Memphis Grizzlies,9,Utah Jazz,17794,16977,0.9540856468
2024,Memphis Grizzlies,13,Boston Celtics,17794,17798,1.000224795
2024,Memphis Grizzlies,15,Phoenix Suns,17794,17794,1.0
2024,Memphis Grizzlies,16,Minnesota Timberwolves,17794,15764,0.8859166011
2024,Memphis Grizzlies,17,Utah Jazz,17794,15327,0.861357761
2024,Memphis Grizzlies,21,Minnesota Timberwolves,17794,15577,0.8754074407
2024,Memphis Grizzlies,22,Dallas Mavericks,17794,16379,0.9204788131
2024,Memphis Grizzlies,24,Houston Rockets,17794,16941,0.952062493
2024,Memphis Grizzlies,27,Indiana Pacers,17794,18160,1.020568731
2024,Memphis Grizzlies,32,Sacramento Kings,17794,17794,1.0
2024,Memphis Grizzlies,33,San Antonio Spurs,17794,17794,1.0
2024,Memphis Grizzlies,34,Toronto Raptors,17794,16385,0.9208160054
2024,Memphis Grizzlies,38,Los Angeles Clippers,17794,16617,0.9338541081
2024,Memphis Grizzlies,39,New York Knicks,17794,16598,0.9327863325
2024,Memphis Grizzlies,40,Golden State Warriors,17794,16612,0.9335731145
2024,Memphis Grizzlies,45,Orlando Magic,17794,16823,0.9454310442
2024,Memphis Grizzlies,47,Sacramento Kings,17794,15333,0.8616949534
2024,Memphis Grizzlies,48,Cleveland Cavaliers,17794,15505,0.871361133
2024,Memphis Grizzlies,49,Golden State Warriors,17794,17794,1.0
2024,Memphis Grizzlies,52,Chicago Bulls,17794,16285,0.9151961335
2024,Memphis Grizzlies,54,New Orleans Pelicans,17794,15823,0.8892323255
2024,Memphis Grizzlies,55,Houston Rockets,17794,15012,0.8436551647
2024,Memphis Grizzlies,56,Milwaukee Bucks,17794,16544,0.9297516017
2024,Memphis Grizzlies,57,Los Angeles Clippers,17794,17255,0.9697088906
2024,Memphis Grizzlies,58,Brooklyn Nets,17794,15417,0.8664156457
2024,Memphis Grizzlies,60,Portland Trail Blazers,17794,15493,0.8706867483
2024,Memphis Grizzlies,61,Portland Trail Blazers,17794,16381,0.9205912105
2024,Memphis Grizzlies,64,Atlanta Hawks,17794,16667,0.9366640441
2024,Memphis Grizzlies,66,Washington Wizards,17794,15291,0.8593346072
2024,Memphis Grizzlies,67,Charlotte Hornets,17794,16717,0.93947398
2024,Memphis Grizzlies,68,Oklahoma City Thunder,17794,17012,0.956052602
2024,Memphis Grizzlies,73,Los Angeles Lakers,17794,17794,1.0
2024,Memphis Grizzlies,77,Detroit Pistons,17794,16745,0.9410475441
2024,Memphis Grizzlies,78,Philadelphia 76ers,17794,17794,1.0
2024,Memphis Grizzlies,79,San Antonio Spurs,17794,16108,0.9052489603
2024,Memphis Grizzlies,81,Los Angeles Lakers,17794,17794,1.0
2024,Memphis Grizzlies,82,Denver Nuggets,17794,17544,0.9859503203
2024,San Antonio Spurs,1,Dallas Mavericks,18354,18947,1.032309033
2024,San Antonio Spurs,2,Houston Rockets,18354,18354,1.0
2024,San Antonio Spurs,6,Toronto Raptors,18354,18354,1.0
2024,San Antonio Spurs,9,Minnesota Timberwolves,18354,18354,1.0
2024,San Antonio Spurs,10,Miami Heat,18354,18036,0.9826740765
2024,San Antonio Spurs,12,Sacramento Kings,18354,18354,1.0
2024,San Antonio Spurs,13,Memphis Grizzlies,18354,18354,1.0
2024,San Antonio Spurs,14,Los Angeles Clippers,18354,18354,1.0
2024,San Antonio Spurs,15,Los Angeles Clippers,18354,18354,1.0
2024,San Antonio Spurs,18,Atlanta Hawks,18354,17646,0.9614253024
2024,San Antonio Spurs,21,Chicago Bulls,18354,18074,0.9847444699
2024,San Antonio Spurs,23,Los Angeles Lakers,18354,18354,1.0
2024,San Antonio Spurs,24,Los Angeles Lakers,18354,18354,1.0
2024,San Antonio Spurs,25,New Orleans Pelicans,18354,18354,1.0
2024,San Antonio Spurs,29,Utah Jazz,18354,18579,1.012258908
2024,San Antonio Spurs,32,Boston Celtics,18354,18886,1.028985507
2024,San Antonio Spurs,34,Milwaukee Bucks,18354,19082,1.039664378
2024,San Antonio Spurs,37,Charlotte Hornets,18354,18073,0.9846899858
2024,San Antonio Spurs,38,Chicago Bulls,18354,18354,1.0
2024,San Antonio Spurs,44,Oklahoma City Thunder,18354,18130,0.9877955759
2024,San Antonio Spurs,45,Portland Trail Blazers,18354,17274,0.9411572409
2024,San Antonio Spurs,46,Minnesota Timberwolves,18354,17726,0.9657840253
2024,San Antonio Spurs,47,Washington Wizards,18354,17020,0.9273182957
2024,San Antonio Spurs,48,Orlando Magic,18354,17081,0.9306418219
2024,San Antonio Spurs,49,New Orleans Pelicans,18354,17207,0.9375068105
2024,San Antonio Spurs,50,Cleveland Cavaliers,18354,18354,1.0
2024,San Antonio Spurs,60,Oklahoma City Thunder,18354,18392,1.002070393
2024,San Antonio Spurs,61,Indiana Pacers,18354,18027,0.9821837202
2024,San Antonio Spurs,65,Golden State Warriors,18354,18354,1.0
2024,San Antonio Spurs,66,Houston Rockets,18354,18751,1.021630162
2024,San Antonio Spurs,67,Denver Nuggets,18354,16223,0.8838945189
2024,San Antonio Spurs,68,Brooklyn Nets,18354,16057,0.8748501689
2024,San Antonio Spurs,69,Dallas Mavericks,18354,18354,1.0
2024,San Antonio Spurs,70,Memphis Grizzlies,18354,17408,0.9484581018
2024,San Antonio Spurs,71,Phoenix Suns,18354,18354,1.0
2024,San Antonio Spurs,72,Phoenix Suns,18354,18044,0.9831099488
2024,San Antonio Spurs,74,New York Knicks,18354,18604,1.013621009
2024,San Antonio Spurs,75,Golden State Warriors,18354,18718,1.019832189
2024,San Antonio Spurs,78,Philadelphia 76ers,18354,18046,0.9832189169
2024,San Antonio Spurs,81,Denver Nuggets,18354,18665,1.016944535
2024,San Antonio Spurs,82,Detroit Pistons,18354,18516,1.008826414
2024,Dallas Mavericks,2,Brooklyn Nets,19200,20238,1.0540625
2024,Dallas Mavericks,4,Chicago Bulls,19200,20103,1.04703125
2024,Dallas Mavericks,6,Charlotte Hornets,19200,20052,1.044375
2024,Dallas Mavericks,8,Toronto Raptors,19200,20063,1.044947917
2024,Dallas Mavericks,9,Los Angeles Clippers,19200,20377,1.061302083
2024,Dallas Mavericks,14,Sacramento Kings,19200,20211,1.05265625
2024,Dallas Mavericks,17,Houston Rockets,19200,20103,1.04703125
2024,Dallas Mavericks,18,Memphis Grizzlies,19200,20150,1.049479167
2024,Dallas Mavericks,19,Oklahoma City Thunder,19200,20277,1.05609375
2024,Dallas Mavericks,20,Utah Jazz,19200,19877,1.035260417
2024,Dallas Mavericks,23,Los Angeles Lakers,19200,20377,1.061302083
2024,Dallas Mavericks,24,Minnesota Timberwolves,19200,20177,1.050885417
2024,Dallas Mavericks,27,Los Angeles Clippers,19200,20310,1.0578125
2024,Dallas Mavericks,29,San Antonio Spurs,19200,20409,1.06296875
2024,Dallas Mavericks,31,Cleveland Cavaliers,19200,20377,1.061302083
2024,Dallas Mavericks,35,Portland Trail Blazers,19200,20077,1.045677083
2024,Dallas Mavericks,36,Portland Trail Blazers,19200,20162,1.050104167
2024,Dallas Mavericks,37,Minnesota Timberwolves,19200,20111,1.047447917
2024,Dallas Mavericks,38,Memphis Grizzlies,19200,20116,1.047708333
2024,Dallas Mavericks,39,New York Knicks,19200,20040,1.04375
2024,Dallas Mavericks,40,New Orleans Pelicans,19200,20155,1.049739583
2024,Dallas Mavericks,41,New Orleans Pelicans,19200,20010,1.0421875
2024,Dallas Mavericks,43,Boston Celtics,19200,20277,1.05609375
2024,Dallas Mavericks,44,Phoenix Suns,19200,20202,1.0521875
2024,Dallas Mavericks,46,Sacramento Kings,19200,20373,1.06109375
2024,Dallas Mavericks,47,Orlando Magic,19200,20020,1.042708333
2024,Dallas Mavericks,49,Milwaukee Bucks,19200,20377,1.061302083
2024,Dallas Mavericks,53,Oklahoma City Thunder,19200,20277,1.05609375
2024,Dallas Mavericks,54,Washington Wizards,19200,19921,1.037552083
2024,Dallas Mavericks,55,San Antonio Spurs,19200,20311,1.057864583
2024,Dallas Mavericks,56,Phoenix Suns,19200,20377,1.061302083
2024,Dallas Mavericks,61,Philadelphia 76ers,19200,20277,1.05609375
2024,Dallas Mavericks,62,Indiana Pacers,19200,20200,1.052083333
2024,Dallas Mavericks,63,Miami Heat,19200,20221,1.053177083
2024,Dallas Mavericks,66,Golden State Warriors,19200,20411,1.063072917
2024,Dallas Mavericks,68,Denver Nuggets,19200,20377,1.061302083
2024,Dallas Mavericks,70,Utah Jazz,19200,20277,1.05609375
2024,Dallas Mavericks,76,Atlanta Hawks,19200,20211,1.05265625
2024,Dallas Mavericks,77,Golden State Warriors,19200,20425,1.063802083
2024,Dallas Mavericks,78,Houston Rockets,19200,20317,1.058177083
2024,Dallas Mavericks,81,Detroit Pistons,19200,20274,1.0559375
2024,New Orleans Pelicans,2,New York Knicks,16867,16331,0.9682219719
2024,New Orleans Pelicans,3,Golden State Warriors,16867,17286,1.024841406
2024,New Orleans Pelicans,5,Detroit Pistons,16867,15884,0.9417205194
2024,New Orleans Pelicans,6,Atlanta Hawks,16867,17237,1.021936325
2024,New Orleans Pelicans,10,Dallas Mavericks,16867,16302,0.9665026383
2024,New Orleans Pelicans,11,Dallas Mavericks,16867,16354,0.9695855813
2024,New Orleans Pelicans,12,Denver Nuggets,16867,15278,0.9057923756
2024,New Orleans Pelicans,13,Minnesota Timberwolves,16867,15536,0.921088516
2024,New Orleans Pelicans,14,Sacramento Kings,16867,16004,0.9488350033
2024,New Orleans Pelicans,15,Sacramento Kings,16867,16012,0.9493093022
2024,New Orleans Pelicans,19,Philadelphia 76ers,16867,16009,0.9491314401
2024,New Orleans Pelicans,20,San Antonio Spurs,16867,17028,1.009545266
2024,New Orleans Pelicans,24,Minnesota Timberwolves,16867,16487,0.977470801
2024,New Orleans Pelicans,28,Memphis Grizzlies,16867,18355,1.0882196
2024,New Orleans Pelicans,30,Houston Rockets,16867,17399,1.031540879
2024,New Orleans Pelicans,31,Memphis Grizzlies,16867,18538,1.099069188
2024,New Orleans Pelicans,32,Utah Jazz,16867,17753,1.052528606
2024,New Orleans Pelicans,33,Los Angeles Lakers,16867,18434,1.092903302
2024,New Orleans Pelicans,34,Brooklyn Nets,16867,16253,0.9635975574
2024,New Orleans Pelicans,36,Los Angeles Clippers,16867,18329,1.086678129
2024,New Orleans Pelicans,42,Charlotte Hornets,16867,16093,0.9541115788
2024,New Orleans Pelicans,43,Phoenix Suns,16867,18686,1.107843719
2024,New Orleans Pelicans,44,Utah Jazz,16867,16032,0.9504950495
2024,New Orleans Pelicans,45,Oklahoma City Thunder,16867,18624,1.104167902
2024,New Orleans Pelicans,50,Toronto Raptors,16867,17429,1.0333195
2024,New Orleans Pelicans,55,Washington Wizards,16867,18316,1.085907393
2024,New Orleans Pelicans,56,Houston Rockets,16867,17421,1.032845201
2024,New Orleans Pelicans,57,Miami Heat,16867,18658,1.106183672
2024,New Orleans Pelicans,58,Chicago Bulls,16867,18684,1.107725144
2024,New Orleans Pelicans,61,Indiana Pacers,16867,17898,1.061125274
2024,New Orleans Pelicans,65,Cleveland Cavaliers,16867,17727,1.050987135
2024,New Orleans Pelicans,66,Los Angeles Clippers,16867,18865,1.118456157
2024,New Orleans Pelicans,67,Portland Trail Blazers,16867,17725,1.05086856
2024,New Orleans Pelicans,72,Oklahoma City Thunder,16867,17436,1.033734511
2024,New Orleans Pelicans,73,Milwaukee Bucks,16867,17484,1.036580305
2024,New Orleans Pelicans,74,Boston Celtics,16867,17932,1.063141045
2024,New Orleans Pelicans,75,Phoenix Suns,16867,17753,1.052528606
2024,New Orleans Pelicans,76,Orlando Magic,16867,16427,0.973913559
2024,New Orleans Pelicans,77,San Antonio Spurs,16867,17422,1.032904488
2024,New Orleans Pelicans,82,Los Angeles Lakers,16867,18633,1.104701488
